cycle,branch,expression,forecastdate,chamber_Dparty,chamber_Rparty,mean_seats_Dparty,mean_seats_Rparty,median_seats_Dparty,median_seats_Rparty,p90_seats_Dparty,p90_seats_Rparty,p10_seats_Dparty,p10_seats_Rparty,total_national_turnout,p90_total_national_turnout,p10_total_national_turnout,popvote_margin,p90_popvote_margin,p10_popvote_margin,statesmajority_Dparty,statesmajority_Rparty,statesmajority_noparty,delegations_Dparty,delegations_Rparty,delegations_nomajority,simulations,timestamp
2020,House,_lite,11/2/20,.976825,.023175,246.0368,188.9631,245,190,267,208,227,168,1.44e+08,1.54e+08,1.33e+08,11.45634,15.86023,6.912521,.247775,.290875,.46135,23.57715,23.93073,2.492125,40000,20:52:33  2 Nov 2020
2020,House,_lite,11/1/20,.97985,.02015,246.782,188.218,246,189,267,207,228,168,1.44e+08,1.54e+08,1.33e+08,11.55228,15.99546,6.977482,.260075,.277825,.4621,23.66875,23.8266,2.50465,40000,23:31:42  1 Nov 2020
2020,House,_lite,10/31/20,.98255,.01745,247.6207,187.3793,246,189,269,207,228,166,1.44e+08,1.54e+08,1.33e+08,11.83197,16.26165,7.288778,.273975,.262025,.464,23.78403,23.71055,2.505425,40000,22:02:28 31 Oct 2020
2020,House,_lite,10/30/20,.98315,.01685,248.3017,186.6983,247,188,269,206,229,166,1.44e+08,1.54e+08,1.33e+08,11.92421,16.44037,7.433205,.281675,.253275,.46505,23.8677,23.63725,2.49505,40000,21:39:34 30 Oct 2020
2020,House,_lite,10/29/20,.98435,.01565,249.3051,185.6948,248,187,271,205,230,164,1.43e+08,1.54e+08,1.33e+08,11.89886,16.38652,7.294289,.295,.243075,.461925,23.96605,23.5131,2.52085,40000,22:22:29 29 Oct 2020
2020,House,_lite,10/28/20,.98525,.01475,249.4426,185.5573,248,187,271,205,230,164,1.43e+08,1.53e+08,1.33e+08,11.93398,16.40496,7.360964,.321175,.23365,.445175,24.1826,23.46408,2.353325,40000,21:42:27 28 Oct 2020
2020,House,_lite,10/27/20,.977575,.022425,246.979,188.021,246,189,268,207,228,167,1.43e+08,1.54e+08,1.33e+08,11.20625,15.69022,6.580303,.27495,.274025,.451025,23.81515,23.81853,2.366325,40000,21:09:24 27 Oct 2020
2020,House,_lite,10/26/20,.979525,.020475,247.4574,187.5426,246,189,269,207,228,166,1.43e+08,1.53e+08,1.33e+08,11.22919,15.81675,6.63995,.280375,.26985,.449775,23.85617,23.76795,2.375875,40000,21:26:28 26 Oct 2020
2020,House,_lite,10/25/20,.981025,.018975,247.2172,187.7828,246,189,268,207,228,167,1.43e+08,1.53e+08,1.33e+08,11.16069,15.69267,6.554657,.2618,.283725,.454475,23.7151,23.8953,2.3896,40000,20:09:58 25 Oct 2020
2020,House,_lite,10/24/20,.9801,.0199,247.3162,187.6837,246,189,268,207,228,167,1.43e+08,1.54e+08,1.33e+08,11.113,15.7408,6.521627,.264475,.284525,.451,23.7295,23.90045,2.37005,40000,21:04:43 24 Oct 2020
2020,House,_lite,10/23/20,.979425,.020575,247.0918,187.9082,246,189,268,207,228,167,1.43e+08,1.53e+08,1.33e+08,11.17868,15.68189,6.52442,.259175,.292375,.44845,23.67095,23.9361,2.39295,40000,22:24:40 23 Oct 2020
2020,House,_lite,10/22/20,.98375,.01625,248.4752,186.5248,247,188,269,206,229,166,1.43e+08,1.53e+08,1.33e+08,11.45226,15.97882,6.822575,.29785,.24725,.4549,23.97778,23.6209,2.401325,40000,20:09:52 22 Oct 2020
2020,House,_lite,10/21/20,.9807,.0193,247.8186,187.1814,247,188,268,207,228,167,1.38e+08,1.48e+08,1.28e+08,11.37273,15.92743,6.645447,.266075,.27245,.461475,23.6934,23.77845,2.52815,40000,21:19:27 21 Oct 2020
2020,House,_lite,10/20/20,.981825,.018175,247.7542,187.2458,247,188,268,206,229,167,1.36e+08,1.46e+08,1.26e+08,11.46036,16.05504,6.760118,.2615,.267675,.470825,23.6885,23.76555,2.54595,40000,22:22:23 20 Oct 2020
2020,House,_lite,10/19/20,.98075,.01925,247.2744,187.7256,246,189,268,207,228,167,1.36e+08,1.46e+08,1.26e+08,11.30065,15.89295,6.619526,.257775,.27345,.468775,23.6298,23.82427,2.545925,40000,22:02:22 19 Oct 2020
2020,House,_lite,10/18/20,.981225,.018775,247.2414,187.7585,246,189,268,207,228,167,1.36e+08,1.46e+08,1.26e+08,11.20333,15.82775,6.50065,.251375,.28275,.465875,23.58385,23.86025,2.5559,40000,21:30:18 18 Oct 2020
2020,House,_lite,10/17/20,.9807,.0193,247.1081,187.8918,246,189,268,207,228,167,1.36e+08,1.46e+08,1.26e+08,11.09706,15.77563,6.387203,.250775,.28465,.464575,23.56302,23.87995,2.557025,40000,21:09:57 17 Oct 2020
2020,House,_lite,10/16/20,.980425,.019575,247.0469,187.953,246,189,267,207,228,168,1.36e+08,1.46e+08,1.26e+08,11.08414,15.69483,6.388172,.2501,.2783,.4716,23.57075,23.86482,2.564425,40000,21:17:51 16 Oct 2020
2020,House,_lite,10/15/20,.983175,.016825,246.9772,188.0228,246,189,267,206,229,168,1.36e+08,1.46e+08,1.26e+08,11.34988,15.95556,6.676992,.26415,.25795,.4779,23.7086,23.74733,2.544075,40000,23:28:20 15 Oct 2020
2020,House,_lite,10/14/20,.98165,.01835,246.7533,188.2467,246,189,267,206,229,168,1.36e+08,1.46e+08,1.26e+08,11.38172,16.03481,6.778406,.2616,.2625,.4759,23.69297,23.78315,2.523875,40000,20:31:15 14 Oct 2020
2020,House,_lite,10/13/20,.982225,.017775,245.9884,189.0116,245,190,265,207,228,170,1.34e+08,1.44e+08,1.24e+08,11.2248,15.81576,6.567078,.246525,.2705,.482975,23.604,23.88938,2.506625,40000,22:22:14 13 Oct 2020
2020,House,_lite,10/12/20,.9743,.0257,245.3013,189.6987,244,191,265,208,227,170,1.34e+08,1.44e+08,1.24e+08,10.8646,15.46847,6.119133,.244975,.285325,.4697,23.5248,23.95653,2.518675,40000,20:22:45 12 Oct 2020
2020,House,_lite,10/11/20,.97765,.02235,245.2504,189.7496,244,191,265,208,227,170,1.34e+08,1.44e+08,1.24e+08,10.80085,15.44952,6.096493,.237375,.285125,.4775,23.511,23.98685,2.50215,40000,20:34:22 11 Oct 2020
2020,House,_lite,10/10/20,.9772,.0228,245.2408,189.7592,244,191,265,208,227,170,1.34e+08,1.44e+08,1.24e+08,10.80361,15.48392,6.130585,.242275,.287225,.4705,23.52983,23.97742,2.49275,40000,20:09:29 10 Oct 2020
2020,House,_lite,10/9/20,.974725,.025275,245.1186,189.8813,244,191,265,208,227,170,1.34e+08,1.44e+08,1.24e+08,10.7842,15.45421,6.090717,.2422,.2876,.4702,23.49652,24.00822,2.49525,40000,20:09:27  9 Oct 2020
2020,House,_lite,10/8/20,.974925,.025075,244.9138,190.0862,244,191,265,208,227,170,1.34e+08,1.44e+08,1.24e+08,10.753,15.44918,5.976412,.2361,.286875,.477025,23.48535,24.01493,2.499725,40000,21:31:18  8 Oct 2020
2020,House,_lite,10/7/20,.96945,.03055,244.4115,190.5885,243,192,265,209,226,170,1.34e+08,1.44e+08,1.24e+08,10.43584,15.10084,5.627115,.226925,.2948,.478275,23.3545,24.0284,2.6171,40000,21:39:25  7 Oct 2020
2020,House,_lite,10/6/20,.969075,.030925,244.0817,190.9183,243,192,264,209,226,171,1.34e+08,1.44e+08,1.24e+08,10.35774,14.98347,5.613512,.2187,.299025,.482275,23.28893,24.06587,2.6452,40000,21:58:37  6 Oct 2020
2020,House,_lite,10/5/20,.967325,.032675,243.9167,191.0833,243,192,264,210,225,171,1.34e+08,1.44e+08,1.24e+08,10.24025,14.94378,5.53582,.21165,.3104,.47795,23.20148,24.12435,2.674175,40000,12:00:20  6 Oct 2020
2020,House,_lite,10/4/20,.96035,.03965,242.2549,192.7451,241,194,262,211,224,173,1.34e+08,1.44e+08,1.24e+08,9.804272,14.49766,5.073557,.185525,.342525,.47195,22.96008,24.3605,2.679425,40000,11:59:15  6 Oct 2020
2020,House,_lite,10/3/20,.9512,.0488,241.5232,193.4768,241,194,262,212,223,173,1.34e+08,1.44e+08,1.24e+08,9.387516,14.08068,4.625021,.178375,.3556,.466025,22.85515,24.44493,2.699925,40000,11:59:39  6 Oct 2020
2020,House,_lite,10/2/20,.956125,.043875,241.9699,193.0301,241,194,262,212,223,173,1.34e+08,1.44e+08,1.24e+08,9.566975,14.2208,4.881517,.18335,.34705,.4696,22.9231,24.37103,2.705875,40000,11:58:42  6 Oct 2020
2020,House,_lite,10/1/20,.954,.046,241.9911,193.0088,241,194,262,212,223,173,1.34e+08,1.44e+08,1.24e+08,9.574921,14.28632,4.827982,.1857,.3403,.474,22.93043,24.3574,2.712175,40000,12:15:21  6 Oct 2020
2020,House,_lite,9/30/20,.952925,.047075,241.1961,193.8039,240,195,261,212,223,174,1.34e+08,1.44e+08,1.24e+08,9.263672,14.02656,4.560703,.176275,.362475,.46125,22.84945,24.50657,2.643975,40000,12:17:48  6 Oct 2020
2020,House,_lite,9/29/20,.951775,.048225,241.2221,193.7779,240,195,261,212,223,174,1.34e+08,1.44e+08,1.24e+08,9.331081,14.05604,4.625683,.172425,.361775,.4658,22.85748,24.4916,2.650925,40000,12:16:02  6 Oct 2020
2020,House,_lite,9/28/20,.94935,.05065,240.958,194.042,240,195,261,213,222,174,1.34e+08,1.44e+08,1.24e+08,9.247021,13.93263,4.430351,.172825,.362075,.4651,22.8236,24.53798,2.638425,40000,12:16:18  6 Oct 2020
2020,House,_lite,9/27/20,.952825,.047175,241.5717,193.4282,241,194,261,212,223,174,1.34e+08,1.44e+08,1.24e+08,9.429043,14.19674,4.644817,.1788,.352575,.468625,22.889,24.44762,2.663375,40000,12:15:54  6 Oct 2020
2020,House,_lite,9/26/20,.953025,.046975,241.6478,193.3522,241,194,261,212,223,174,1.34e+08,1.44e+08,1.24e+08,9.419098,14.17304,4.61669,.177775,.3511,.471125,22.8932,24.44565,2.66115,40000,12:32:08  6 Oct 2020
2020,House,_lite,9/25/20,.95325,.04675,241.791,193.2089,241,194,262,212,223,173,1.34e+08,1.44e+08,1.24e+08,9.424042,14.23133,4.618649,.182225,.35195,.465825,22.9131,24.43012,2.656775,40000,12:35:30  6 Oct 2020
2020,House,_lite,9/24/20,.950775,.049225,241.3787,193.6213,240,195,261,212,223,174,1.34e+08,1.44e+08,1.24e+08,9.365562,14.15934,4.574749,.175075,.3557,.469225,22.8505,24.4638,2.6857,40000,12:32:25  6 Oct 2020
2020,House,_lite,9/23/20,.9491,.0509,241.0699,193.9301,240,195,261,213,222,174,1.34e+08,1.44e+08,1.24e+08,9.232231,14.03109,4.386621,.171975,.364025,.464,22.8061,24.52615,2.66775,40000,12:33:17  6 Oct 2020
2020,House,_lite,9/22/20,.951275,.048725,241.3789,193.6211,241,194,261,212,223,174,1.34e+08,1.44e+08,1.24e+08,9.25441,14.05967,4.453907,.17525,.357825,.466925,22.86655,24.47795,2.6555,40000,12:33:23  6 Oct 2020
2020,House,_lite,9/21/20,.944975,.055025,241.296,193.704,240,195,262,213,222,173,1.34e+08,1.44e+08,1.24e+08,8.930069,13.75107,4.0606,.180125,.361,.458875,22.8317,24.45938,2.708925,40000,12:49:02  6 Oct 2020
2020,House,_lite,9/20/20,.94885,.05115,241.7572,193.2428,241,194,262,212,223,173,1.34e+08,1.44e+08,1.24e+08,9.029346,13.86347,4.194796,.18145,.355125,.463425,22.89075,24.4234,2.68585,40000,12:53:22  6 Oct 2020
2020,House,_lite,9/19/20,.9457,.0543,240.8143,194.1857,240,195,261,213,222,174,1.34e+08,1.44e+08,1.24e+08,8.839657,13.67493,4.020729,.15795,.398575,.443475,22.63193,24.69782,2.67025,40000,12:49:07  6 Oct 2020
2020,House,_lite,9/18/20,.9431,.0569,240.8826,194.1174,240,195,261,213,222,174,1.34e+08,1.44e+08,1.24e+08,8.791187,13.61847,3.946531,.159375,.391475,.44915,22.64087,24.67905,2.680075,40000,12:49:52  6 Oct 2020
2020,House,_lite,9/17/20,.9555,.0445,241.1766,193.8234,240,195,260,212,223,175,1.34e+08,1.44e+08,1.24e+08,9.139664,14.00612,4.359959,.151625,.3877,.460675,22.58768,24.68398,2.72835,40000,12:50:27  6 Oct 2020
2020,House,_lite,9/16/20,.95545,.04455,241.2233,193.7767,240,195,260,212,223,175,1.34e+08,1.44e+08,1.24e+08,9.080406,13.9748,4.239567,.153875,.3792,.466925,22.61805,24.64997,2.731975,40000,13:06:13  6 Oct 2020
2020,House,_lite,9/15/20,.946175,.053825,241.6894,193.3105,241,194,262,213,222,173,1.34e+08,1.44e+08,1.24e+08,8.591778,13.52527,3.648317,.166675,.376725,.4566,22.6427,24.57803,2.779275,40000,13:11:22  6 Oct 2020
2020,House,_lite,9/14/20,.9451,.0549,241.6405,193.3594,241,194,262,213,222,173,1.34e+08,1.44e+08,1.24e+08,8.56353,13.47569,3.69068,.167175,.379425,.4534,22.63145,24.56825,2.8003,40000,13:06:16  6 Oct 2020
2020,House,_lite,9/13/20,.942975,.057025,241.4484,193.5516,240,195,262,213,222,173,1.34e+08,1.44e+08,1.24e+08,8.49715,13.41743,3.592426,.165675,.38255,.451775,22.60998,24.60538,2.78465,40000,13:07:11  6 Oct 2020
2020,House,_lite,9/12/20,.941975,.058025,241.1093,193.8906,240,195,262,213,222,173,1.34e+08,1.44e+08,1.24e+08,8.511322,13.41259,3.593122,.16355,.384975,.451475,22.5905,24.62767,2.781825,40000,13:07:27  6 Oct 2020
2020,House,_lite,9/11/20,.94095,.05905,240.7803,194.2196,240,195,262,214,221,173,1.34e+08,1.44e+08,1.24e+08,8.453453,13.39291,3.521929,.160525,.393825,.44565,22.53678,24.68235,2.780875,40000,13:22:56  6 Oct 2020
2020,House,_lite,9/10/20,.94325,.05675,241.1239,193.8761,240,195,262,213,222,173,1.34e+08,1.44e+08,1.24e+08,8.50737,13.38351,3.576408,.163625,.3858,.450575,22.59485,24.62593,2.779225,40000,13:28:51  6 Oct 2020
2020,House,_lite,9/9/20,.96025,.03975,242.7708,192.2292,242,193,263,211,224,172,1.34e+08,1.44e+08,1.24e+08,9.294518,14.24532,4.304857,.17565,.343225,.481125,22.7789,24.37082,2.850275,40000,13:23:22  6 Oct 2020
2020,House,_lite,9/8/20,.9611,.0389,242.8511,192.1488,242,193,263,211,224,172,1.34e+08,1.44e+08,1.24e+08,9.271843,14.20086,4.289339,.176875,.3421,.481025,22.79078,24.37085,2.838375,40000,13:24:08  6 Oct 2020
2020,House,_lite,9/7/20,.9612,.0388,242.7065,192.2935,242,193,263,211,224,172,1.34e+08,1.44e+08,1.24e+08,9.320557,14.30403,4.348787,.177825,.341275,.4809,22.85832,24.381,2.760675,40000,13:24:29  6 Oct 2020
2020,House,_lite,9/6/20,.9578,.0422,242.8467,192.1533,242,193,263,211,224,172,1.34e+08,1.44e+08,1.24e+08,9.13966,14.11245,4.131731,.1799,.339725,.480375,22.85838,24.3391,2.802525,40000,13:39:43  6 Oct 2020
2020,House,_lite,9/5/20,.958225,.041775,242.717,192.2829,242,193,263,211,224,172,1.34e+08,1.44e+08,1.24e+08,9.159393,14.14631,4.117085,.179,.343375,.477625,22.82245,24.35648,2.821075,40000,13:46:35  6 Oct 2020
2020,House,_lite,9/4/20,.956175,.043825,242.6003,192.3997,242,193,263,211,224,172,1.34e+08,1.44e+08,1.24e+08,9.164284,14.09108,4.129379,.17845,.343125,.478425,22.82957,24.36155,2.808875,40000,13:40:09  6 Oct 2020
2020,House,_lite,9/3/20,.9557,.0443,242.533,192.467,242,193,263,211,224,172,1.34e+08,1.44e+08,1.24e+08,9.135551,14.1811,4.083281,.1714,.34865,.47995,22.78572,24.3957,2.818575,40000,13:41:16  6 Oct 2020
2020,House,_lite,9/2/20,.94505,.05495,242.2681,192.7319,241,194,264,213,222,171,1.34e+08,1.44e+08,1.24e+08,8.646446,13.6637,3.661116,.169725,.3601,.470175,22.645,24.3925,2.9625,40000,13:41:12  6 Oct 2020
2020,House,_lite,9/1/20,.950425,.049575,242.7338,192.2662,242,193,264,212,223,171,1.34e+08,1.44e+08,1.24e+08,8.933197,13.92225,3.914867,.1811,.3471,.4718,22.75583,24.31805,2.926125,40000,13:56:50  6 Oct 2020
2020,House,_lite,8/31/20,.93815,.06185,241.3813,193.6187,240,195,263,214,221,172,1.34e+08,1.44e+08,1.24e+08,8.51722,13.58634,3.476049,.161075,.37845,.460475,22.47665,24.51788,3.005475,40000,14:04:12  6 Oct 2020
2020,House,_lite,8/30/20,.94645,.05355,242.9949,192.0051,242,193,265,212,223,170,1.34e+08,1.44e+08,1.24e+08,8.926971,14.00389,3.956154,.183925,.3465,.469575,22.72593,24.2578,3.016275,40000,13:57:13  6 Oct 2020
2020,House,_lite,8/29/20,.942975,.057025,243.1268,191.8732,242,193,266,213,222,169,1.34e+08,1.44e+08,1.24e+08,8.76722,13.80157,3.757849,.18375,.35155,.4647,22.69163,24.24542,3.06295,40000,13:58:25  6 Oct 2020
2020,House,_lite,8/28/20,.942725,.057275,242.7803,192.2197,242,193,265,213,222,170,1.34e+08,1.44e+08,1.24e+08,8.780178,13.86564,3.73373,.17875,.35525,.466,22.63783,24.30787,3.0543,40000,13:58:22  6 Oct 2020
2020,House,_lite,8/27/20,.944675,.055325,242.9939,192.0061,242,193,265,213,222,170,1.34e+08,1.44e+08,1.24e+08,8.842667,13.89139,3.758528,.184925,.351725,.46335,22.75973,24.2814,2.958875,40000,14:13:40  6 Oct 2020
2020,House,_lite,8/26/20,.942525,.057475,242.8956,192.1044,242,193,265,213,222,170,1.34e+08,1.44e+08,1.24e+08,8.850353,13.93197,3.749825,.1826,.356925,.460475,22.72912,24.30467,2.9662,40000,14:21:56  6 Oct 2020
2020,House,_lite,8/25/20,.940575,.059425,242.5175,192.4824,241,194,265,213,222,170,1.34e+08,1.44e+08,1.24e+08,8.762447,13.81779,3.702265,.175,.361375,.463625,22.66145,24.37218,2.966375,40000,14:14:15  6 Oct 2020
2020,House,_lite,8/24/20,.9405,.0595,242.5146,192.4854,241,194,265,213,222,170,1.34e+08,1.44e+08,1.24e+08,8.724648,13.82078,3.594019,.17445,.3646,.46095,22.65607,24.3831,2.960825,40000,14:15:22  6 Oct 2020
2020,House,_lite,8/23/20,.939325,.060675,242.241,192.759,241,194,264,213,222,171,1.34e+08,1.44e+08,1.24e+08,8.656357,13.7598,3.537275,.171975,.37145,.456575,22.61118,24.41725,2.971575,40000,14:14:45  6 Oct 2020
2020,House,_lite,8/22/20,.938,.062,242.2992,192.7008,241,194,264,213,222,171,1.34e+08,1.44e+08,1.24e+08,8.682182,13.81011,3.563524,.172675,.36755,.459775,22.63137,24.40042,2.9682,40000,14:30:42  6 Oct 2020
2020,House,_lite,8/21/20,.940125,.059875,242.2305,192.7695,241,194,264,213,222,171,1.34e+08,1.44e+08,1.24e+08,8.666584,13.7995,3.555614,.17265,.3707,.45665,22.61032,24.42382,2.96585,40000,14:39:32  6 Oct 2020
2020,House,_lite,8/20/20,.936775,.063225,242.0217,192.9783,241,194,264,213,222,171,1.34e+08,1.44e+08,1.24e+08,8.655151,13.70907,3.514532,.1696,.37475,.45565,22.5838,24.45773,2.958475,40000,14:31:15  6 Oct 2020
2020,House,_lite,8/19/20,.93515,.06485,241.9097,193.0903,241,194,264,214,221,171,1.34e+08,1.44e+08,1.24e+08,8.656979,13.81529,3.414507,.170275,.374425,.4553,22.58273,24.46595,2.951325,40000,14:32:08  6 Oct 2020
2020,House,_lite,8/18/20,.9359,.0641,241.9883,193.0117,241,194,264,214,221,171,1.34e+08,1.44e+08,1.24e+08,8.689598,13.85338,3.520506,.17025,.3713,.45845,22.59513,24.45305,2.951825,40000,14:31:46  6 Oct 2020
2020,House,_lite,8/17/20,.93825,.06175,242.158,192.842,241,194,264,214,221,171,1.34e+08,1.44e+08,1.24e+08,8.729271,13.92707,3.523178,.174075,.375175,.45075,22.62638,24.43687,2.93675,40000,14:47:42  6 Oct 2020
2020,House,_lite,8/16/20,.93865,.06135,242.0174,192.9825,241,194,264,213,222,171,1.34e+08,1.44e+08,1.24e+08,8.737923,13.84459,3.602648,.171825,.3742,.453975,22.60412,24.46543,2.93045,40000,14:57:21  6 Oct 2020
2020,House,_lite,8/15/20,.939675,.060325,242.2594,192.7406,241,194,264,214,221,171,1.34e+08,1.44e+08,1.24e+08,8.810684,14.01469,3.642153,.177575,.366425,.456,22.63945,24.42833,2.932225,40000,14:47:58  6 Oct 2020
2020,House,_lite,8/14/20,.93815,.06185,242.0115,192.9884,241,194,264,213,222,171,1.34e+08,1.44e+08,1.24e+08,8.803246,13.93042,3.632029,.170025,.37645,.453525,22.58483,24.47458,2.9406,40000,14:49:12  6 Oct 2020
2020,House,_lite,8/13/20,.93685,.06315,241.4616,193.5384,241,194,263,214,221,172,1.34e+08,1.44e+08,1.24e+08,8.757153,13.87644,3.501101,.164475,.379475,.45605,22.55137,24.54977,2.89885,40000,14:49:18  6 Oct 2020
2020,House,_lite,8/12/20,.93895,.06105,241.752,193.2479,241,194,263,213,222,172,1.34e+08,1.44e+08,1.24e+08,8.841602,14.06906,3.664896,.173375,.373775,.45285,22.60795,24.50472,2.887325,40000,15:04:51  6 Oct 2020
2020,House,_lite,8/11/20,.939625,.060375,241.8549,193.1451,241,194,263,213,222,172,1.32e+08,1.42e+08,1.22e+08,8.958263,14.08771,3.73349,.170575,.372475,.45695,22.6308,24.481,2.8882,40000,15:15:10  6 Oct 2020
2020,House,_lite,8/10/20,.943375,.056625,242.1514,192.8486,241,194,264,213,222,171,1.32e+08,1.42e+08,1.22e+08,9.030548,14.18122,3.786741,.17465,.369275,.456075,22.64963,24.45882,2.89155,40000,15:04:42  6 Oct 2020
2020,House,_lite,8/9/20,.944775,.055225,242.3201,192.6799,241,194,264,213,222,171,1.32e+08,1.42e+08,1.22e+08,9.123016,14.32079,3.91655,.178675,.365175,.45615,22.70687,24.42443,2.8687,40000,15:06:11  6 Oct 2020
2020,House,_lite,8/8/20,.933425,.066575,242.2196,192.7804,241,194,265,214,221,170,1.32e+08,1.42e+08,1.22e+08,8.676956,13.8805,3.432125,.179125,.374075,.4468,22.59398,24.4109,2.995125,40000,15:06:33  6 Oct 2020
2020,House,_lite,8/7/20,.93505,.06495,242.3003,192.6997,241,194,265,214,221,170,1.32e+08,1.42e+08,1.22e+08,8.710915,13.93295,3.518988,.17735,.372925,.449725,22.60933,24.3936,2.997075,40000,15:21:30  6 Oct 2020
2020,House,_lite,8/6/20,.932575,.067425,242.0246,192.9754,241,194,265,214,221,170,1.32e+08,1.42e+08,1.22e+08,8.711151,13.89987,3.490004,.175675,.3768,.447525,22.58853,24.4187,2.992775,40000,15:33:08  6 Oct 2020
2020,House,_lite,8/5/20,.931425,.068575,241.9653,193.0347,241,194,264,214,221,171,1.32e+08,1.42e+08,1.22e+08,8.666653,13.82884,3.419487,.179075,.371875,.44905,22.59765,24.38185,3.0205,40000,15:21:29  6 Oct 2020
2020,House,_lite,8/4/20,.93155,.06845,242.1418,192.8582,241,194,265,214,221,170,1.32e+08,1.42e+08,1.22e+08,8.647785,13.85233,3.412664,.181,.3727,.4463,22.58232,24.36278,3.0549,40000,15:22:56  6 Oct 2020
2020,House,_lite,8/3/20,.928525,.071475,241.9502,193.0498,241,194,265,215,220,170,1.32e+08,1.42e+08,1.22e+08,8.594715,13.84265,3.318443,.17785,.37825,.4439,22.54017,24.3966,3.063225,40000,15:23:37  6 Oct 2020
2020,House,_lite,8/2/20,.909525,.090475,241.7451,193.2549,241,194,267,217,218,168,1.32e+08,1.42e+08,1.22e+08,8.073643,13.29434,2.795986,.179575,.3912,.429225,22.4342,24.40985,3.15595,40000,15:38:06  6 Oct 2020
2020,House,_lite,8/1/20,.91065,.08935,242.5706,192.4294,242,193,268,216,219,167,1.32e+08,1.42e+08,1.22e+08,7.962524,13.24543,2.706682,.19525,.373125,.431625,22.56095,24.217,3.22205,40000,15:51:09  6 Oct 2020
2020,House,_deluxe,11/2/20,.9725,.0275,239.2211,195.7789,239,196,254,210,225,181,1.44e+08,1.54e+08,1.33e+08,6.300804,10.17304,2.342199,.094125,.5235,.382375,22.3216,25.45295,2.22545,40000,20:52:33  2 Nov 2020
2020,House,_deluxe,11/1/20,.97295,.02705,239.685,195.3149,239,196,254,210,225,181,1.44e+08,1.54e+08,1.33e+08,6.485462,10.45053,2.486177,.102325,.512475,.3852,22.39327,25.39173,2.215,40000,23:31:42  1 Nov 2020
2020,House,_deluxe,10/31/20,.97585,.02415,240.347,194.653,240,195,255,209,226,180,1.44e+08,1.54e+08,1.33e+08,6.736355,10.73473,2.738407,.10925,.492175,.398575,22.5047,25.31435,2.18095,40000,22:02:28 31 Oct 2020
2020,House,_deluxe,10/30/20,.976175,.023825,240.7258,194.2742,240,195,256,209,226,179,1.44e+08,1.54e+08,1.33e+08,6.765503,10.81718,2.790768,.115325,.481175,.4035,22.55473,25.2656,2.179675,40000,21:39:34 30 Oct 2020
2020,House,_deluxe,10/29/20,.9754,.0246,241.0648,193.9352,241,194,256,209,226,179,1.43e+08,1.54e+08,1.33e+08,6.842033,10.89254,2.746754,.12115,.4756,.40325,22.59915,25.24122,2.159625,40000,22:22:29 29 Oct 2020
2020,House,_deluxe,10/28/20,.9746,.0254,240.8061,194.1939,241,194,256,209,226,179,1.43e+08,1.53e+08,1.33e+08,6.767292,10.82736,2.687922,.12265,.4787,.39865,22.6301,25.26445,2.10545,40000,21:42:27 28 Oct 2020
2020,House,_deluxe,10/27/20,.961225,.038775,238.6615,196.3384,239,196,254,211,224,181,1.43e+08,1.54e+08,1.33e+08,6.065407,10.16306,1.912989,.0985,.5308,.3707,22.29997,25.51743,2.1826,40000,21:09:24 27 Oct 2020
2020,House,_deluxe,10/26/20,.9612,.0388,238.8092,196.1908,239,196,254,211,224,181,1.43e+08,1.53e+08,1.33e+08,6.077747,10.27091,1.923592,.099325,.530475,.3702,22.31148,25.50368,2.18485,40000,21:26:28 26 Oct 2020
2020,House,_deluxe,10/25/20,.959575,.040425,238.4491,196.5509,238,197,254,212,223,181,1.43e+08,1.53e+08,1.33e+08,5.916607,10.0773,1.752895,.094,.5454,.3606,22.21545,25.57458,2.209975,40000,20:09:58 25 Oct 2020
2020,House,_deluxe,10/24/20,.9595,.0405,238.5386,196.4613,238,197,254,212,223,181,1.43e+08,1.54e+08,1.33e+08,5.870213,10.14606,1.672964,.093525,.5466,.359875,22.21175,25.5804,2.20785,40000,21:04:43 24 Oct 2020
2020,House,_deluxe,10/23/20,.95715,.04285,238.3815,196.6184,238,197,254,212,223,181,1.43e+08,1.53e+08,1.33e+08,5.8922,10.04799,1.662142,.092175,.553575,.35425,22.16582,25.60595,2.228225,40000,22:24:40 23 Oct 2020
2020,House,_deluxe,10/22/20,.960475,.039525,239.1313,195.8687,239,196,255,211,224,180,1.43e+08,1.53e+08,1.33e+08,6.077557,10.28347,1.830498,.10655,.514875,.378575,22.33968,25.4511,2.209225,40000,20:09:52 22 Oct 2020
2020,House,_deluxe,10/21/20,.955525,.044475,238.7935,196.2064,239,196,255,212,223,180,1.38e+08,1.48e+08,1.28e+08,6.002354,10.2605,1.670847,.09845,.52435,.3772,22.19992,25.51822,2.28185,40000,21:19:27 21 Oct 2020
2020,House,_deluxe,10/20/20,.954325,.045675,238.6222,196.3777,238,197,255,212,223,180,1.36e+08,1.46e+08,1.26e+08,6.008904,10.28961,1.691315,.097025,.528475,.3745,22.13375,25.53132,2.334925,40000,22:22:23 20 Oct 2020
2020,House,_deluxe,10/19/20,.951275,.048725,238.218,196.782,238,197,254,212,223,181,1.36e+08,1.46e+08,1.26e+08,5.877281,10.19449,1.541838,.09335,.5364,.37025,22.07758,25.58375,2.338675,40000,22:02:22 19 Oct 2020
2020,House,_deluxe,10/18/20,.94915,.05085,238.0872,196.9128,238,197,254,213,222,181,1.36e+08,1.46e+08,1.26e+08,5.79752,10.13845,1.447453,.091575,.5431,.365325,22.03572,25.61872,2.34555,40000,21:30:18 18 Oct 2020
2020,House,_deluxe,10/17/20,.94875,.05125,238.0538,196.9462,238,197,254,213,222,181,1.36e+08,1.46e+08,1.26e+08,5.722275,10.0943,1.379223,.0925,.5454,.3621,22.03465,25.62277,2.342575,40000,21:09:57 17 Oct 2020
2020,House,_deluxe,10/16/20,.9518,.0482,238.2948,196.7052,238,197,254,212,223,181,1.36e+08,1.46e+08,1.26e+08,5.850727,10.18666,1.476166,.0911,.54015,.36875,22.06803,25.58785,2.344125,40000,21:17:51 16 Oct 2020
2020,House,_deluxe,10/15/20,.956425,.043575,238.5686,196.4314,238,197,254,212,223,181,1.36e+08,1.46e+08,1.26e+08,5.962227,10.3266,1.616842,.096175,.516025,.3878,22.18645,25.48243,2.331125,40000,23:28:20 15 Oct 2020
2020,House,_deluxe,10/14/20,.95305,.04695,238.2303,196.7696,238,197,254,212,223,181,1.36e+08,1.46e+08,1.26e+08,5.885872,10.29218,1.573725,.09635,.527625,.376025,22.12818,25.53505,2.336775,40000,20:31:15 14 Oct 2020
2020,House,_deluxe,10/13/20,.9505,.0495,237.8108,197.1891,238,197,254,213,222,181,1.34e+08,1.44e+08,1.24e+08,5.776558,10.14565,1.414537,.092475,.533775,.37375,22.0714,25.58298,2.345625,40000,22:22:14 13 Oct 2020
2020,House,_deluxe,10/12/20,.943625,.056375,237.3672,197.6328,237,198,253,213,222,182,1.34e+08,1.44e+08,1.24e+08,5.720657,10.07974,1.265192,.0882,.5399,.3719,21.99427,25.6211,2.384625,40000,20:22:45 12 Oct 2020
2020,House,_deluxe,10/11/20,.947025,.052975,237.3315,197.6685,237,198,253,213,222,182,1.34e+08,1.44e+08,1.24e+08,5.658436,10.07087,1.242901,.085525,.5441,.370375,21.97968,25.63613,2.3842,40000,20:34:22 11 Oct 2020
2020,House,_deluxe,10/10/20,.9463,.0537,237.3209,197.6791,237,198,253,213,222,182,1.34e+08,1.44e+08,1.24e+08,5.651089,10.12562,1.24127,.088125,.543175,.3687,22.0028,25.62865,2.36855,40000,20:09:29 10 Oct 2020
2020,House,_deluxe,10/9/20,.94285,.05715,237.2498,197.7502,237,198,253,214,221,182,1.34e+08,1.44e+08,1.24e+08,5.629051,10.08422,1.189091,.086675,.54445,.368875,21.9768,25.64492,2.378275,40000,20:09:27  9 Oct 2020
2020,House,_deluxe,10/8/20,.942525,.057475,237.2383,197.7617,237,198,253,214,221,182,1.34e+08,1.44e+08,1.24e+08,5.629608,10.10412,1.131025,.0878,.542625,.369575,21.9944,25.62995,2.37565,40000,21:31:18  8 Oct 2020
2020,House,_deluxe,10/7/20,.9373,.0627,236.8412,198.1588,237,198,253,214,221,182,1.34e+08,1.44e+08,1.24e+08,5.587345,10.02323,1.045441,.08535,.54755,.3671,21.9211,25.67533,2.403575,40000,21:39:25  7 Oct 2020
2020,House,_deluxe,10/6/20,.9362,.0638,236.7567,198.2433,237,198,253,214,221,182,1.34e+08,1.44e+08,1.24e+08,5.589066,10.00634,1.070101,.081375,.549825,.3688,21.8889,25.68833,2.422775,40000,21:58:37  6 Oct 2020
2020,House,_deluxe,10/5/20,.936375,.063625,236.6841,198.3159,236,199,253,214,221,182,1.34e+08,1.44e+08,1.24e+08,5.542675,10.05946,1.06946,.079425,.55815,.362425,21.8313,25.72212,2.446575,40000,12:00:20  6 Oct 2020
2020,House,_deluxe,10/4/20,.924225,.075775,235.6815,199.3185,236,199,252,215,220,183,1.34e+08,1.44e+08,1.24e+08,5.261189,9.770092,.723135,.072075,.5866,.341325,21.66345,25.8673,2.46925,40000,11:59:15  6 Oct 2020
2020,House,_deluxe,10/3/20,.9168,.0832,235.1364,199.8636,235,200,251,216,219,184,1.34e+08,1.44e+08,1.24e+08,5.023369,9.515699,.4856606,.066325,.59355,.340125,21.58077,25.9303,2.488925,40000,11:59:39  6 Oct 2020
2020,House,_deluxe,10/2/20,.923925,.076075,235.4632,199.5368,235,200,252,216,219,183,1.34e+08,1.44e+08,1.24e+08,5.168648,9.664864,.6737251,.070275,.587375,.34235,21.6397,25.88115,2.47915,40000,11:58:42  6 Oct 2020
2020,House,_deluxe,10/1/20,.920975,.079025,235.5152,199.4848,235,200,252,216,219,183,1.34e+08,1.44e+08,1.24e+08,5.182556,9.720835,.6332817,.073325,.580625,.34605,21.65733,25.8605,2.482175,40000,12:15:21  6 Oct 2020
2020,House,_deluxe,9/30/20,.91545,.08455,234.873,200.127,235,200,251,216,219,184,1.34e+08,1.44e+08,1.24e+08,4.928715,9.522718,.4113388,.063175,.608,.328825,21.52365,25.9849,2.49145,40000,12:17:48  6 Oct 2020
2020,House,_deluxe,9/29/20,.915625,.084375,234.9715,200.0285,235,200,251,216,219,184,1.34e+08,1.44e+08,1.24e+08,5.02422,9.595833,.5168819,.0648,.60005,.33515,21.5421,25.96188,2.496025,40000,12:16:02  6 Oct 2020
2020,House,_deluxe,9/28/20,.912025,.087975,234.7193,200.2807,235,200,251,216,219,184,1.34e+08,1.44e+08,1.24e+08,5.002377,9.535166,.3671474,.0635,.602675,.333825,21.5058,25.98167,2.512525,40000,12:16:18  6 Oct 2020
2020,House,_deluxe,9/27/20,.915525,.084475,235.2204,199.7796,235,200,252,216,219,183,1.34e+08,1.44e+08,1.24e+08,5.134945,9.784765,.5276318,.068775,.588975,.34225,21.5746,25.9079,2.5175,40000,12:15:54  6 Oct 2020
2020,House,_deluxe,9/26/20,.9172,.0828,235.3411,199.6589,235,200,252,216,219,183,1.34e+08,1.44e+08,1.24e+08,5.156723,9.750488,.5363522,.068225,.5882,.343575,21.59432,25.8984,2.507275,40000,12:32:08  6 Oct 2020
2020,House,_deluxe,9/25/20,.9177,.0823,235.4288,199.5712,235,200,252,216,219,183,1.34e+08,1.44e+08,1.24e+08,5.163017,9.799004,.5127239,.0713,.58335,.34535,21.61005,25.88268,2.507275,40000,12:35:30  6 Oct 2020
2020,House,_deluxe,9/24/20,.916425,.083575,235.2623,199.7377,235,200,252,216,219,183,1.34e+08,1.44e+08,1.24e+08,5.147488,9.787224,.4877987,.069775,.590775,.33945,21.5757,25.8915,2.5328,40000,12:32:25  6 Oct 2020
2020,House,_deluxe,9/23/20,.913125,.086875,235.1355,199.8645,235,200,252,216,219,183,1.34e+08,1.44e+08,1.24e+08,5.070831,9.736568,.4082146,.0692,.59515,.33565,21.56205,25.921,2.51695,40000,12:33:17  6 Oct 2020
2020,House,_deluxe,9/22/20,.9142,.0858,235.1925,199.8075,235,200,252,216,219,183,1.34e+08,1.44e+08,1.24e+08,5.064316,9.740499,.4178658,.069175,.59075,.340075,21.58178,25.91892,2.4993,40000,12:33:23  6 Oct 2020
2020,House,_deluxe,9/21/20,.912775,.087225,235.1418,199.8581,235,200,252,216,219,183,1.34e+08,1.44e+08,1.24e+08,5.085808,9.767258,.3886395,.070175,.5877,.342125,21.57162,25.9129,2.515475,40000,12:49:02  6 Oct 2020
2020,House,_deluxe,9/20/20,.915675,.084325,235.4184,199.5816,235,200,252,216,219,183,1.34e+08,1.44e+08,1.24e+08,5.175137,9.865004,.5166817,.070725,.587875,.3414,21.6217,25.88927,2.489025,40000,12:53:22  6 Oct 2020
2020,House,_deluxe,9/19/20,.9111,.0889,234.9516,200.0484,235,200,252,217,218,183,1.34e+08,1.44e+08,1.24e+08,5.050568,9.762081,.3878269,.06555,.613175,.321275,21.502,26.00287,2.495125,40000,12:49:07  6 Oct 2020
2020,House,_deluxe,9/18/20,.910425,.089575,235.0038,199.9962,235,200,252,217,218,183,1.34e+08,1.44e+08,1.24e+08,5.018032,9.704475,.3481388,.06485,.608525,.326625,21.50535,25.99033,2.504325,40000,12:49:52  6 Oct 2020
2020,House,_deluxe,9/17/20,.91805,.08195,235.5773,199.4227,236,199,252,216,219,183,1.34e+08,1.44e+08,1.24e+08,5.197357,9.921577,.5599194,.06985,.5972,.33295,21.53965,25.91567,2.544675,40000,12:50:27  6 Oct 2020
2020,House,_deluxe,9/16/20,.921025,.078975,235.7842,199.2158,236,199,252,216,219,183,1.34e+08,1.44e+08,1.24e+08,5.222145,9.967524,.51968,.074475,.580125,.3454,21.59102,25.85863,2.55035,40000,13:06:13  6 Oct 2020
2020,House,_deluxe,9/15/20,.9177,.0823,235.7072,199.2928,236,199,252,216,219,183,1.34e+08,1.44e+08,1.24e+08,5.202427,9.971064,.4242821,.0731,.5798,.3471,21.6086,25.85718,2.534225,40000,13:11:22  6 Oct 2020
2020,House,_deluxe,9/14/20,.919175,.080825,235.756,199.244,236,199,253,216,219,182,1.34e+08,1.44e+08,1.24e+08,5.230854,9.977678,.5074291,.072975,.577475,.34955,21.61513,25.8443,2.540575,40000,13:06:16  6 Oct 2020
2020,House,_deluxe,9/13/20,.919025,.080975,235.7713,199.2287,236,199,253,216,219,182,1.34e+08,1.44e+08,1.24e+08,5.223476,9.960596,.4792919,.0746,.578725,.346675,21.6239,25.83725,2.53885,40000,13:07:11  6 Oct 2020
2020,House,_deluxe,9/12/20,.918475,.081525,235.6972,199.3027,236,199,253,216,219,182,1.34e+08,1.44e+08,1.24e+08,5.254456,10.02068,.500639,.075825,.577525,.34665,21.62807,25.8407,2.531225,40000,13:07:27  6 Oct 2020
2020,House,_deluxe,9/11/20,.91705,.08295,235.539,199.461,235,200,252,216,219,183,1.34e+08,1.44e+08,1.24e+08,5.225792,10.00525,.4873905,.073825,.584,.342175,21.57855,25.86785,2.5536,40000,13:22:56  6 Oct 2020
2020,House,_deluxe,9/10/20,.917825,.082175,235.7303,199.2697,236,199,252,216,219,183,1.34e+08,1.44e+08,1.24e+08,5.294815,10.02766,.5181599,.0749,.57585,.34925,21.62505,25.83675,2.5382,40000,13:28:51  6 Oct 2020
2020,House,_deluxe,9/9/20,.93175,.06825,237.0114,197.9886,237,198,254,215,220,181,1.34e+08,1.44e+08,1.24e+08,5.739017,10.53346,.9146671,.087925,.54105,.371025,21.80775,25.64815,2.5441,40000,13:23:22  6 Oct 2020
2020,House,_deluxe,9/8/20,.931725,.068275,237.0773,197.9227,237,198,254,215,220,181,1.34e+08,1.44e+08,1.24e+08,5.716866,10.47834,.9106445,.08905,.540025,.370925,21.82237,25.642,2.535625,40000,13:24:08  6 Oct 2020
2020,House,_deluxe,9/7/20,.932875,.067125,237.1383,197.8617,237,198,254,214,221,181,1.34e+08,1.44e+08,1.24e+08,5.729797,10.56244,.9371796,.091275,.5395,.369225,21.87165,25.6284,2.49995,40000,13:24:29  6 Oct 2020
2020,House,_deluxe,9/6/20,.931925,.068075,237.0883,197.9117,237,198,254,215,220,181,1.34e+08,1.44e+08,1.24e+08,5.7038,10.52664,.8740311,.089175,.537925,.3729,21.86188,25.63755,2.500575,40000,13:39:43  6 Oct 2020
2020,House,_deluxe,9/5/20,.930475,.069525,236.9591,198.0408,237,198,254,215,220,181,1.34e+08,1.44e+08,1.24e+08,5.730919,10.5601,.8647442,.0888,.5428,.3684,21.8299,25.65895,2.51115,40000,13:46:35  6 Oct 2020
2020,House,_deluxe,9/4/20,.92935,.07065,236.8979,198.1021,237,198,254,215,220,181,1.34e+08,1.44e+08,1.24e+08,5.73518,10.50994,.8719044,.08965,.540825,.369525,21.84163,25.65578,2.5026,40000,13:40:09  6 Oct 2020
2020,House,_deluxe,9/3/20,.929825,.070175,237.0322,197.9678,237,198,254,215,220,181,1.34e+08,1.44e+08,1.24e+08,5.739632,10.6396,.8539925,.0877,.542825,.369475,21.81487,25.64663,2.5385,40000,13:41:16  6 Oct 2020
2020,House,_deluxe,9/2/20,.927825,.072175,236.8277,198.1723,237,198,254,215,220,181,1.34e+08,1.44e+08,1.24e+08,5.658104,10.52322,.8509293,.084675,.5442,.371125,21.7401,25.67352,2.586375,40000,13:41:12  6 Oct 2020
2020,House,_deluxe,9/1/20,.9309,.0691,236.8814,198.1185,237,198,254,215,220,181,1.34e+08,1.44e+08,1.24e+08,5.717094,10.5543,.89604,.0889,.5391,.372,21.7895,25.6497,2.5608,40000,13:56:50  6 Oct 2020
2020,House,_deluxe,8/31/20,.92275,.07725,236.4451,198.5549,236,199,254,216,219,181,1.34e+08,1.44e+08,1.24e+08,5.56694,10.46641,.6896305,.08235,.5528,.36485,21.65185,25.71545,2.6327,40000,14:04:12  6 Oct 2020
2020,House,_deluxe,8/30/20,.93395,.06605,237.5744,197.4256,237,198,255,214,221,180,1.34e+08,1.44e+08,1.24e+08,5.974121,10.88741,1.163748,.094875,.52195,.383175,21.85197,25.56333,2.5847,40000,13:57:13  6 Oct 2020
2020,House,_deluxe,8/29/20,.9345,.0655,237.7545,197.2454,238,197,255,214,221,180,1.34e+08,1.44e+08,1.24e+08,6.008907,10.87477,1.172985,.095425,.518775,.3858,21.8642,25.53667,2.599125,40000,13:58:25  6 Oct 2020
2020,House,_deluxe,8/28/20,.9324,.0676,237.5626,197.4373,237,198,255,214,221,180,1.34e+08,1.44e+08,1.24e+08,5.988182,10.91328,1.079437,.093875,.522675,.38345,21.8313,25.55557,2.613125,40000,13:58:22  6 Oct 2020
2020,House,_deluxe,8/27/20,.9328,.0672,237.6129,197.387,237,198,255,214,221,180,1.34e+08,1.44e+08,1.24e+08,5.998352,10.88497,1.097654,.0971,.522375,.380525,21.895,25.5576,2.5474,40000,14:13:40  6 Oct 2020
2020,House,_deluxe,8/26/20,.9322,.0678,237.6364,197.3636,237,198,255,214,221,180,1.34e+08,1.44e+08,1.24e+08,6.020477,10.95711,1.091665,.09565,.523825,.380525,21.8875,25.56187,2.550625,40000,14:21:56  6 Oct 2020
2020,House,_deluxe,8/25/20,.931725,.068275,237.4664,197.5335,237,198,255,215,220,180,1.34e+08,1.44e+08,1.24e+08,5.961258,10.85672,1.0847,.093275,.52795,.378775,21.84668,25.59115,2.562175,40000,14:14:15  6 Oct 2020
2020,House,_deluxe,8/24/20,.930475,.069525,237.4651,197.5349,237,198,255,215,220,180,1.34e+08,1.44e+08,1.24e+08,5.930008,10.87372,.9819107,.094,.528175,.377825,21.84707,25.59165,2.561275,40000,14:15:22  6 Oct 2020
2020,House,_deluxe,8/23/20,.928375,.071625,237.259,197.741,237,198,254,215,220,181,1.34e+08,1.44e+08,1.24e+08,5.833477,10.78388,.8592396,.091125,.53545,.373425,21.80927,25.6147,2.576025,40000,14:14:45  6 Oct 2020
2020,House,_deluxe,8/22/20,.926875,.073125,237.1797,197.8203,237,198,255,215,220,180,1.34e+08,1.44e+08,1.24e+08,5.78883,10.78947,.8143368,.092625,.53415,.373225,21.80552,25.6234,2.571075,40000,14:30:42  6 Oct 2020
2020,House,_deluxe,8/21/20,.929825,.070175,237.2406,197.7593,237,198,254,215,220,181,1.34e+08,1.44e+08,1.24e+08,5.821125,10.8102,.8823185,.0923,.535875,.371825,21.81245,25.6239,2.56365,40000,14:39:32  6 Oct 2020
2020,House,_deluxe,8/20/20,.9267,.0733,237.063,197.937,237,198,254,215,220,181,1.34e+08,1.44e+08,1.24e+08,5.796974,10.69047,.8219128,.089375,.5372,.373425,21.78418,25.6477,2.568125,40000,14:31:15  6 Oct 2020
2020,House,_deluxe,8/19/20,.92315,.07685,237.0495,197.9505,237,198,254,215,220,181,1.34e+08,1.44e+08,1.24e+08,5.808777,10.80167,.7446404,.091575,.536275,.37215,21.78935,25.6403,2.57035,40000,14:32:08  6 Oct 2020
2020,House,_deluxe,8/18/20,.925675,.074325,237.177,197.823,237,198,254,215,220,181,1.34e+08,1.44e+08,1.24e+08,5.839394,10.8726,.8613243,.093225,.53455,.372225,21.80495,25.62975,2.5653,40000,14:31:46  6 Oct 2020
2020,House,_deluxe,8/17/20,.926125,.073875,237.2527,197.7473,237,198,255,215,220,180,1.34e+08,1.44e+08,1.24e+08,5.824772,10.8792,.8185196,.095675,.535675,.36865,21.82085,25.6185,2.56065,40000,14:47:42  6 Oct 2020
2020,House,_deluxe,8/16/20,.92755,.072425,237.1944,197.8056,237,198,255,215,220,180,1.34e+08,1.44e+08,1.24e+08,5.844238,10.80988,.8901939,.092475,.538025,.3695,21.81155,25.6302,2.55825,40000,14:57:21  6 Oct 2020
2020,House,_deluxe,8/15/20,.92735,.07265,237.3457,197.6543,237,198,255,215,220,180,1.34e+08,1.44e+08,1.24e+08,5.915203,10.97147,.930809,.096075,.530875,.37305,21.83528,25.6126,2.552125,40000,14:47:58  6 Oct 2020
2020,House,_deluxe,8/14/20,.925825,.074175,237.1967,197.8033,237,198,255,215,220,180,1.34e+08,1.44e+08,1.24e+08,5.876007,10.84465,.8806152,.09385,.5391,.36705,21.80667,25.6391,2.554225,40000,14:49:12  6 Oct 2020
2020,House,_deluxe,8/13/20,.922775,.077225,237.0054,197.9946,237,198,254,215,220,181,1.34e+08,1.44e+08,1.24e+08,5.801449,10.78726,.7085209,.09295,.5358,.37125,21.791,25.6415,2.5675,40000,14:49:18  6 Oct 2020
2020,House,_deluxe,8/12/20,.923875,.076125,237.1597,197.8403,237,198,255,215,220,180,1.34e+08,1.44e+08,1.24e+08,5.875385,10.93005,.848835,.098275,.533925,.3678,21.82413,25.62653,2.54935,40000,15:04:51  6 Oct 2020
2020,House,_deluxe,8/11/20,.9249,.0751,237.3719,197.6281,237,198,255,215,220,180,1.32e+08,1.42e+08,1.22e+08,5.992336,10.9571,.9123154,.09705,.525375,.377575,21.86215,25.58665,2.5512,40000,15:15:10  6 Oct 2020
2020,House,_deluxe,8/10/20,.92925,.07075,237.5959,197.404,238,197,255,215,220,180,1.32e+08,1.42e+08,1.22e+08,6.059464,11.04984,.9799442,.100175,.524175,.37565,21.88365,25.57352,2.542825,40000,15:04:42  6 Oct 2020
2020,House,_deluxe,8/9/20,.93055,.06945,237.7908,197.2091,238,197,255,215,220,180,1.32e+08,1.42e+08,1.22e+08,6.109581,11.13973,1.074669,.10105,.520525,.378425,21.92835,25.54645,2.5252,40000,15:06:11  6 Oct 2020
2020,House,_deluxe,8/8/20,.929,.071,237.6548,197.3452,237,198,255,215,220,180,1.32e+08,1.42e+08,1.22e+08,6.032387,11.09171,.942173,.099675,.52185,.378475,21.88605,25.54933,2.564625,40000,15:06:33  6 Oct 2020
2020,House,_deluxe,8/7/20,.929625,.070375,237.7074,197.2926,238,197,255,215,220,180,1.32e+08,1.42e+08,1.22e+08,6.075191,11.15055,1.049059,.101375,.5195,.379125,21.8942,25.54967,2.556125,40000,15:21:30  6 Oct 2020
2020,House,_deluxe,8/6/20,.9264,.0736,237.2749,197.7251,237,198,255,215,220,180,1.32e+08,1.42e+08,1.22e+08,6.117931,11.161,1.06744,.092625,.5375,.369875,21.80345,25.62585,2.5707,40000,15:33:08  6 Oct 2020
2020,House,_deluxe,8/5/20,.92655,.07345,237.3335,197.6665,237,198,255,215,220,180,1.32e+08,1.42e+08,1.22e+08,6.101223,11.10252,1.017324,.09295,.53335,.3737,21.81257,25.61378,2.57365,40000,15:21:29  6 Oct 2020
2020,House,_deluxe,8/4/20,.928525,.071475,237.3598,197.6402,237,198,255,215,220,180,1.32e+08,1.42e+08,1.22e+08,6.133686,11.19594,1.078341,.0951,.532075,.372825,21.8276,25.60477,2.567625,40000,15:22:56  6 Oct 2020
2020,House,_deluxe,8/3/20,.924825,.075175,237.2683,197.7317,237,198,255,215,220,180,1.32e+08,1.42e+08,1.22e+08,6.090782,11.1953,.9682789,.09705,.534325,.368625,21.82685,25.60667,2.566475,40000,15:23:37  6 Oct 2020
2020,House,_deluxe,8/2/20,.920275,.079725,236.7456,198.2544,237,198,254,216,219,181,1.32e+08,1.42e+08,1.22e+08,5.928772,10.98022,.8179092,.088325,.54715,.364525,21.70645,25.70243,2.591125,40000,15:38:06  6 Oct 2020
2020,House,_deluxe,8/1/20,.921125,.078875,236.8669,198.1331,237,198,254,216,219,181,1.32e+08,1.42e+08,1.22e+08,5.948238,11.0427,.8606796,.089525,.5459,.364575,21.72865,25.68113,2.590225,40000,15:51:09  6 Oct 2020
2020,House,_classic,11/2/20,.96395,.03605,240.3649,194.6351,240,195,257,211,224,178,1.44e+08,1.54e+08,1.33e+08,6.887077,10.76644,2.929659,.133275,.424975,.44175,22.63405,25.02998,2.335975,40000,20:52:33  2 Nov 2020
2020,House,_classic,11/1/20,.966125,.033875,241.1001,193.8998,241,194,258,210,225,177,1.44e+08,1.54e+08,1.33e+08,7.020546,10.99148,3.013885,.145425,.4088,.445775,22.73657,24.93843,2.325,40000,23:31:42  1 Nov 2020
2020,House,_classic,10/31/20,.970525,.029475,241.8861,193.1139,242,193,259,209,226,176,1.44e+08,1.54e+08,1.33e+08,7.23576,11.24459,3.232149,.155475,.390875,.45365,22.85615,24.84285,2.301,40000,22:02:28 31 Oct 2020
2020,House,_classic,10/30/20,.97035,.02965,242.3223,192.6777,242,193,260,209,226,175,1.44e+08,1.54e+08,1.33e+08,7.25647,11.30579,3.280107,.16335,.37955,.4571,22.91427,24.79155,2.294175,40000,21:39:34 30 Oct 2020
2020,House,_classic,10/29/20,.970325,.029675,242.7245,192.2755,242,193,260,209,226,175,1.43e+08,1.54e+08,1.33e+08,7.320816,11.37721,3.222124,.166925,.3758,.457275,22.9486,24.7638,2.2876,40000,22:22:29 29 Oct 2020
2020,House,_classic,10/28/20,.969375,.030625,242.3666,192.6333,242,193,260,209,226,175,1.43e+08,1.53e+08,1.33e+08,7.241856,11.30342,3.157766,.170625,.385275,.4441,23.00675,24.81277,2.180475,40000,21:42:27 28 Oct 2020
2020,House,_classic,10/27/20,.95455,.04545,240.1122,194.8878,240,195,257,212,223,178,1.43e+08,1.54e+08,1.33e+08,6.58749,10.6929,2.434113,.138125,.438625,.42325,22.64985,25.09987,2.250275,40000,21:09:24 27 Oct 2020
2020,House,_classic,10/26/20,.95495,.04505,240.3073,194.6926,240,195,258,212,223,177,1.43e+08,1.53e+08,1.33e+08,6.599724,10.79106,2.442694,.1411,.43355,.42535,22.66973,25.07545,2.254825,40000,21:26:28 26 Oct 2020
2020,House,_classic,10/25/20,.95305,.04695,239.8387,195.1613,239,196,257,212,223,178,1.43e+08,1.53e+08,1.33e+08,6.448391,10.61866,2.289446,.132025,.4519,.416075,22.5435,25.17595,2.28055,40000,20:09:58 25 Oct 2020
2020,House,_classic,10/24/20,.951575,.048425,239.9139,195.086,240,195,258,212,223,177,1.43e+08,1.54e+08,1.33e+08,6.401447,10.6843,2.200823,.1307,.458475,.410825,22.52597,25.19565,2.278375,40000,21:04:43 24 Oct 2020
2020,House,_classic,10/23/20,.94965,.05035,239.7747,195.2252,239,196,257,212,223,178,1.43e+08,1.53e+08,1.33e+08,6.428593,10.59133,2.193832,.12965,.46105,.4093,22.495,25.21593,2.289075,40000,22:24:40 23 Oct 2020
2020,House,_classic,10/22/20,.95375,.04625,240.7104,194.2895,240,195,259,212,223,176,1.43e+08,1.53e+08,1.33e+08,6.606644,10.81119,2.352108,.150375,.42365,.425975,22.7004,25.01917,2.280425,40000,20:09:52 22 Oct 2020
2020,House,_classic,10/21/20,.948975,.051025,240.3697,194.6303,240,195,259,213,222,176,1.38e+08,1.48e+08,1.28e+08,6.544582,10.80505,2.217701,.141225,.4307,.428075,22.53342,25.0697,2.396875,40000,21:19:27 21 Oct 2020
2020,House,_classic,10/20/20,.9468,.0532,240.1987,194.8013,240,195,259,213,222,176,1.36e+08,1.46e+08,1.26e+08,6.517414,10.80334,2.19401,.139375,.435975,.42465,22.49095,25.08612,2.422925,40000,22:22:23 20 Oct 2020
2020,House,_classic,10/19/20,.943875,.056125,239.7453,195.2547,239,196,258,213,222,177,1.36e+08,1.46e+08,1.26e+08,6.400932,10.7189,2.058399,.13365,.441925,.424425,22.41957,25.1394,2.441025,40000,22:02:22 19 Oct 2020
2020,House,_classic,10/18/20,.94015,.05985,239.6012,195.3988,239,196,258,213,222,177,1.36e+08,1.46e+08,1.26e+08,6.325333,10.6645,1.969303,.132425,.448725,.41885,22.38457,25.1735,2.441925,40000,21:30:18 18 Oct 2020
2020,House,_classic,10/17/20,.94145,.05855,239.5715,195.4285,239,196,258,213,222,177,1.36e+08,1.46e+08,1.26e+08,6.25658,10.6372,1.9105,.13375,.453775,.412475,22.38272,25.19102,2.42625,40000,21:09:57 17 Oct 2020
2020,House,_classic,10/16/20,.945175,.054825,239.6845,195.3155,240,195,257,213,222,178,1.36e+08,1.46e+08,1.26e+08,6.34367,10.68355,1.969187,.1296,.443525,.426875,22.38532,25.14632,2.46835,40000,21:17:51 16 Oct 2020
2020,House,_classic,10/15/20,.951325,.048675,240.0834,194.9165,240,195,258,212,223,177,1.36e+08,1.46e+08,1.26e+08,6.399971,10.77183,2.048122,.138875,.40955,.451575,22.56853,24.98825,2.443225,40000,23:28:20 15 Oct 2020
2020,House,_classic,10/14/20,.948125,.051875,239.7151,195.2848,239,196,257,213,222,178,1.36e+08,1.46e+08,1.26e+08,6.307602,10.7165,1.986212,.1376,.424325,.438075,22.4995,25.04742,2.453075,40000,20:31:15 14 Oct 2020
2020,House,_classic,10/13/20,.944825,.055175,239.1082,195.8918,239,196,257,213,222,178,1.34e+08,1.44e+08,1.24e+08,6.199844,10.57331,1.830198,.128025,.437825,.43415,22.40995,25.12805,2.462,40000,22:22:14 13 Oct 2020
2020,House,_classic,10/12/20,.93655,.06345,238.6369,196.3631,239,196,256,214,221,179,1.34e+08,1.44e+08,1.24e+08,6.161366,10.5275,1.70208,.1237,.443,.4333,22.34447,25.16055,2.494975,40000,20:22:45 12 Oct 2020
2020,House,_classic,10/11/20,.940475,.059525,238.5708,196.4292,238,197,256,214,221,179,1.34e+08,1.44e+08,1.24e+08,6.101456,10.51925,1.683882,.11865,.4437,.43765,22.31627,25.1895,2.494225,40000,20:34:22 11 Oct 2020
2020,House,_classic,10/10/20,.9386,.0614,238.5446,196.4554,238,197,256,214,221,179,1.34e+08,1.44e+08,1.24e+08,6.094383,10.57169,1.679274,.12215,.44725,.4306,22.3351,25.17535,2.48955,40000,20:09:29 10 Oct 2020
2020,House,_classic,10/9/20,.935475,.064525,238.4479,196.5521,238,197,256,214,221,179,1.34e+08,1.44e+08,1.24e+08,6.072914,10.53115,1.620487,.1196,.44975,.43065,22.3072,25.19975,2.49305,40000,20:09:27  9 Oct 2020
2020,House,_classic,10/8/20,.935025,.064975,238.4162,196.5838,238,197,256,214,221,179,1.34e+08,1.44e+08,1.24e+08,6.073803,10.55151,1.572693,.122225,.4462,.431575,22.32007,25.18463,2.4953,40000,21:31:18  8 Oct 2020
2020,House,_classic,10/7/20,.9308,.0692,238.0792,196.9208,238,197,256,215,220,179,1.34e+08,1.44e+08,1.24e+08,6.01511,10.45339,1.467848,.1192,.44475,.43605,22.26373,25.19095,2.545325,40000,21:39:25  7 Oct 2020
2020,House,_classic,10/6/20,.930475,.069525,237.9935,197.0065,238,197,256,215,220,179,1.34e+08,1.44e+08,1.24e+08,6.019928,10.44128,1.495937,.1142,.4469,.4389,22.23363,25.20305,2.563325,40000,21:58:37  6 Oct 2020
2020,House,_classic,10/5/20,.929625,.070375,237.8875,197.1125,238,197,256,215,220,179,1.34e+08,1.44e+08,1.24e+08,5.982708,10.49875,1.502302,.1092,.461325,.429475,22.1292,25.26222,2.608575,40000,12:00:20  6 Oct 2020
2020,House,_classic,10/4/20,.91605,.08395,236.7156,198.2844,236,199,255,216,219,180,1.34e+08,1.44e+08,1.24e+08,5.735886,10.24824,1.195736,.096325,.4904,.413275,21.94215,25.428,2.62985,40000,11:59:15  6 Oct 2020
2020,House,_classic,10/3/20,.907475,.092525,236.0856,198.9144,236,199,254,217,218,181,1.34e+08,1.44e+08,1.24e+08,5.524193,10.02104,.9795933,.09095,.4994,.40965,21.86035,25.49207,2.647575,40000,11:59:39  6 Oct 2020
2020,House,_classic,10/2/20,.914475,.085525,236.4554,198.5445,236,199,254,216,219,181,1.34e+08,1.44e+08,1.24e+08,5.655125,10.15743,1.157669,.095325,.49125,.413425,21.92427,25.4437,2.632025,40000,11:58:42  6 Oct 2020
2020,House,_classic,10/1/20,.9121,.0879,236.5165,198.4835,236,199,255,217,218,180,1.34e+08,1.44e+08,1.24e+08,5.669487,10.20851,1.11541,.099125,.486425,.41445,21.93922,25.41802,2.64275,40000,12:15:21  6 Oct 2020
2020,House,_classic,9/30/20,.90685,.09315,235.8725,199.1275,236,199,254,217,218,181,1.34e+08,1.44e+08,1.24e+08,5.410175,10.0092,.8888168,.09005,.510675,.399275,21.85052,25.54222,2.60725,40000,12:17:48  6 Oct 2020
2020,House,_classic,9/29/20,.90645,.09355,235.9783,199.0217,236,199,254,217,218,181,1.34e+08,1.44e+08,1.24e+08,5.499714,10.07274,.9875031,.090675,.502875,.40645,21.8621,25.5153,2.6226,40000,12:16:02  6 Oct 2020
2020,House,_classic,9/28/20,.902775,.0972,235.7466,199.2534,236,199,254,217,218,181,1.34e+08,1.44e+08,1.24e+08,5.477448,10.01435,.8394527,.090525,.5102,.399275,21.83517,25.55658,2.60825,40000,12:16:18  6 Oct 2020
2020,House,_classic,9/27/20,.907275,.092725,236.3152,198.6848,236,199,255,217,218,180,1.34e+08,1.44e+08,1.24e+08,5.589367,10.24352,.9777985,.095675,.4982,.406125,21.9069,25.47638,2.616725,40000,12:15:54  6 Oct 2020
2020,House,_classic,9/26/20,.908875,.091125,236.4605,198.5395,236,199,255,217,218,180,1.34e+08,1.44e+08,1.24e+08,5.609421,10.21033,.9814396,.093675,.493125,.4132,21.93113,25.45985,2.609025,40000,12:32:08  6 Oct 2020
2020,House,_classic,9/25/20,.90955,.09045,236.5717,198.4283,236,199,255,217,218,180,1.34e+08,1.44e+08,1.24e+08,5.614525,10.24534,.9617939,.0967,.494125,.409175,21.9442,25.44698,2.608825,40000,12:35:30  6 Oct 2020
2020,House,_classic,9/24/20,.9075,.0925,236.3891,198.6109,236,199,255,217,218,180,1.34e+08,1.44e+08,1.24e+08,5.603966,10.24991,.9376698,.093475,.497175,.40935,21.9049,25.45735,2.63775,40000,12:32:25  6 Oct 2020
2020,House,_classic,9/23/20,.903725,.096275,236.1996,198.8004,236,199,255,217,218,180,1.34e+08,1.44e+08,1.24e+08,5.534073,10.20663,.8705711,.094275,.503075,.40265,21.88375,25.49262,2.623625,40000,12:33:17  6 Oct 2020
2020,House,_classic,9/22/20,.90555,.09445,236.2307,198.7693,236,199,255,217,218,180,1.34e+08,1.44e+08,1.24e+08,5.519604,10.20075,.867939,.094825,.500325,.40485,21.90125,25.48975,2.609,40000,12:33:23  6 Oct 2020
2020,House,_classic,9/21/20,.903925,.096075,236.2231,198.7769,236,199,255,217,218,180,1.34e+08,1.44e+08,1.24e+08,5.550434,10.22845,.8527336,.0956,.4961,.4083,21.89665,25.48302,2.620325,40000,12:49:02  6 Oct 2020
2020,House,_classic,9/20/20,.9073,.0927,236.5101,198.4899,236,199,255,217,218,180,1.34e+08,1.44e+08,1.24e+08,5.619011,10.31628,.9621849,.09595,.49345,.4106,21.9389,25.46123,2.599875,40000,12:53:22  6 Oct 2020
2020,House,_classic,9/19/20,.902575,.097425,235.9654,199.0346,236,199,254,217,218,181,1.34e+08,1.44e+08,1.24e+08,5.511497,10.22853,.8476601,.086725,.5279,.385375,21.7983,25.60905,2.59265,40000,12:49:07  6 Oct 2020
2020,House,_classic,9/18/20,.90095,.09905,236.0148,198.9851,236,199,255,217,218,180,1.34e+08,1.44e+08,1.24e+08,5.47897,10.17521,.8044739,.088375,.52065,.390975,21.8101,25.58713,2.602775,40000,12:49:52  6 Oct 2020
2020,House,_classic,9/17/20,.911925,.088075,236.7526,198.2474,237,198,255,216,219,180,1.34e+08,1.44e+08,1.24e+08,5.622025,10.34966,.9798641,.091525,.511325,.39715,21.85272,25.51965,2.627625,40000,12:50:27  6 Oct 2020
2020,House,_classic,9/16/20,.914225,.085775,236.9417,198.0583,237,198,255,216,219,180,1.34e+08,1.44e+08,1.24e+08,5.627884,10.37555,.9245949,.09795,.497175,.404875,21.89968,25.46162,2.6387,40000,13:06:13  6 Oct 2020
2020,House,_classic,9/15/20,.912575,.087425,236.8987,198.1013,237,198,255,216,219,180,1.34e+08,1.44e+08,1.24e+08,5.616955,10.38645,.8382645,.0976,.49295,.40945,21.92777,25.44535,2.626875,40000,13:11:22  6 Oct 2020
2020,House,_classic,9/14/20,.913325,.086675,236.943,198.057,237,198,256,216,219,179,1.34e+08,1.44e+08,1.24e+08,5.644062,10.38944,.9199333,.09735,.49125,.4114,21.93903,25.43245,2.628525,40000,13:06:16  6 Oct 2020
2020,House,_classic,9/13/20,.911775,.088225,236.94,198.06,237,198,255,216,219,180,1.34e+08,1.44e+08,1.24e+08,5.636005,10.37422,.8887939,.099575,.490175,.41025,21.94633,25.42885,2.624825,40000,13:07:11  6 Oct 2020
2020,House,_classic,9/12/20,.9112,.0888,236.8014,198.1986,237,198,255,216,219,180,1.34e+08,1.44e+08,1.24e+08,5.663818,10.43063,.9090805,.10125,.490125,.408625,21.9357,25.42783,2.636475,40000,13:07:27  6 Oct 2020
2020,House,_classic,9/11/20,.909825,.090175,236.6112,198.3887,237,198,255,217,218,180,1.34e+08,1.44e+08,1.24e+08,5.644737,10.43111,.9041748,.096825,.4989,.404275,21.89655,25.46868,2.634775,40000,13:22:56  6 Oct 2020
2020,House,_classic,9/10/20,.9102,.0898,236.8784,198.1216,237,198,255,217,218,180,1.34e+08,1.44e+08,1.24e+08,5.701729,10.43608,.9211349,.0996,.48935,.41105,21.93555,25.42452,2.639925,40000,13:28:51  6 Oct 2020
2020,House,_classic,9/9/20,.927375,.072625,238.3782,196.6217,238,197,257,215,220,178,1.34e+08,1.44e+08,1.24e+08,6.076542,10.87416,1.252697,.115725,.45325,.431025,22.14078,25.20177,2.65745,40000,13:23:22  6 Oct 2020
2020,House,_classic,9/8/20,.927525,.072475,238.4444,196.5555,238,197,257,215,220,178,1.34e+08,1.44e+08,1.24e+08,6.049435,10.81731,1.24131,.116525,.448025,.43545,22.15715,25.19235,2.6505,40000,13:24:08  6 Oct 2020
2020,House,_classic,9/7/20,.92845,.07155,238.4386,196.5614,238,197,257,215,220,178,1.34e+08,1.44e+08,1.24e+08,6.056847,10.89182,1.259125,.119975,.44955,.430475,22.21105,25.18365,2.6053,40000,13:24:29  6 Oct 2020
2020,House,_classic,9/6/20,.926525,.073475,238.3606,196.6394,238,197,257,215,220,178,1.34e+08,1.44e+08,1.24e+08,6.031841,10.86259,1.20348,.11695,.449725,.433325,22.19603,25.20085,2.603125,40000,13:39:43  6 Oct 2020
2020,House,_classic,9/5/20,.92555,.07445,238.2427,196.7572,238,197,257,215,220,178,1.34e+08,1.44e+08,1.24e+08,6.058472,10.89995,1.182533,.115425,.451775,.4328,22.1631,25.21498,2.621925,40000,13:46:35  6 Oct 2020
2020,House,_classic,9/4/20,.92285,.07715,238.1469,196.8531,238,197,257,215,220,178,1.34e+08,1.44e+08,1.24e+08,6.061974,10.83795,1.197071,.117975,.4535,.428525,22.1645,25.22318,2.612325,40000,13:40:09  6 Oct 2020
2020,House,_classic,9/3/20,.92405,.07595,238.2975,196.7025,238,197,257,215,220,178,1.34e+08,1.44e+08,1.24e+08,6.064358,10.97482,1.174297,.1126,.452575,.434825,22.14478,25.20983,2.6454,40000,13:41:16  6 Oct 2020
2020,House,_classic,9/2/20,.922475,.077525,238.1675,196.8325,238,197,257,215,220,178,1.34e+08,1.44e+08,1.24e+08,6.011894,10.8818,1.203604,.11095,.458025,.431025,22.07453,25.22175,2.703725,40000,13:41:12  6 Oct 2020
2020,House,_classic,9/1/20,.925575,.074425,238.2246,196.7754,238,197,257,215,220,178,1.34e+08,1.44e+08,1.24e+08,6.069855,10.90686,1.252556,.119375,.447775,.43285,22.1416,25.1825,2.6759,40000,13:56:50  6 Oct 2020
2020,House,_classic,8/31/20,.916925,.083075,237.7042,197.2957,237,198,257,216,219,178,1.34e+08,1.44e+08,1.24e+08,5.935509,10.83969,1.052765,.10995,.462175,.427875,21.97952,25.26133,2.75915,40000,14:04:12  6 Oct 2020
2020,House,_classic,8/30/20,.92945,.07055,239.0101,195.9899,239,196,258,215,220,177,1.34e+08,1.44e+08,1.24e+08,6.300224,11.21204,1.480696,.125825,.431675,.4425,22.1892,25.0899,2.7209,40000,13:57:13  6 Oct 2020
2020,House,_classic,8/29/20,.9298,.0702,239.2654,195.7346,239,196,258,214,221,177,1.34e+08,1.44e+08,1.24e+08,6.336918,11.20074,1.490734,.12735,.428675,.443975,22.20938,25.0562,2.734425,40000,13:58:25  6 Oct 2020
2020,House,_classic,8/28/20,.927675,.072325,239.0384,195.9616,239,196,258,215,220,177,1.34e+08,1.44e+08,1.24e+08,6.320026,11.24569,1.40748,.125475,.433125,.4414,22.1736,25.08045,2.74595,40000,13:58:22  6 Oct 2020
2020,House,_classic,8/27/20,.9283,.0717,239.1036,195.8963,239,196,258,215,220,177,1.34e+08,1.44e+08,1.24e+08,6.324993,11.2146,1.419775,.12795,.432575,.439475,22.24487,25.0826,2.672525,40000,14:13:40  6 Oct 2020
2020,House,_classic,8/26/20,.927775,.072225,239.0809,195.9191,239,196,258,215,220,177,1.34e+08,1.44e+08,1.24e+08,6.342175,11.28592,1.420221,.125075,.433775,.44115,22.23632,25.0932,2.670475,40000,14:21:56  6 Oct 2020
2020,House,_classic,8/25/20,.927025,.072975,238.8854,196.1146,239,196,258,215,220,177,1.34e+08,1.44e+08,1.24e+08,6.295982,11.19196,1.406563,.12175,.4411,.43715,22.18443,25.1355,2.680075,40000,14:14:15  6 Oct 2020
2020,House,_classic,8/24/20,.92575,.07425,238.9088,196.0911,239,196,258,215,220,177,1.34e+08,1.44e+08,1.24e+08,6.266144,11.21018,1.314386,.12255,.4421,.43535,22.19425,25.12602,2.679725,40000,14:15:22  6 Oct 2020
2020,House,_classic,8/23/20,.9235,.0765,238.6496,196.3504,238,197,258,215,220,177,1.34e+08,1.44e+08,1.24e+08,6.178558,11.13658,1.21063,.11945,.4459,.43465,22.14142,25.16038,2.6982,40000,14:14:45  6 Oct 2020
2020,House,_classic,8/22/20,.921875,.078125,238.5524,196.4476,238,197,258,215,220,177,1.34e+08,1.44e+08,1.24e+08,6.1339,11.13651,1.161358,.119375,.449725,.4309,22.1375,25.1748,2.6877,40000,14:30:42  6 Oct 2020
2020,House,_classic,8/21/20,.923775,.076225,238.6001,196.3999,238,197,258,215,220,177,1.34e+08,1.44e+08,1.24e+08,6.163219,11.1554,1.215256,.120125,.448225,.43165,22.14825,25.1678,2.68395,40000,14:39:32  6 Oct 2020
2020,House,_classic,8/20/20,.920225,.079775,238.3776,196.6224,238,197,258,215,220,177,1.34e+08,1.44e+08,1.24e+08,6.139587,11.03477,1.157774,.116825,.451925,.43125,22.11065,25.20645,2.6829,40000,14:31:15  6 Oct 2020
2020,House,_classic,8/19/20,.917925,.082075,238.3719,196.628,238,197,258,216,219,177,1.34e+08,1.44e+08,1.24e+08,6.149784,11.14062,1.077427,.1207,.4512,.4281,22.1215,25.18958,2.688925,40000,14:32:08  6 Oct 2020
2020,House,_classic,8/18/20,.91965,.08035,238.5154,196.4846,238,197,258,216,219,177,1.34e+08,1.44e+08,1.24e+08,6.179131,11.21724,1.197851,.122125,.4488,.429075,22.14108,25.1731,2.685825,40000,14:31:46  6 Oct 2020
2020,House,_classic,8/17/20,.91995,.08005,238.5957,196.4042,238,197,258,216,219,177,1.34e+08,1.44e+08,1.24e+08,6.161644,11.22094,1.14563,.12575,.450275,.423975,22.1537,25.16917,2.677125,40000,14:47:42  6 Oct 2020
2020,House,_classic,8/16/20,.9216,.0784,238.5196,196.4804,238,197,258,215,220,177,1.34e+08,1.44e+08,1.24e+08,6.180473,11.14613,1.22648,.1223,.45215,.42555,22.13685,25.18845,2.6747,40000,14:57:21  6 Oct 2020
2020,House,_classic,8/15/20,.92095,.07905,238.707,196.2929,239,196,258,215,220,177,1.34e+08,1.44e+08,1.24e+08,6.247776,11.31202,1.259636,.1239,.44365,.43245,22.17113,25.16348,2.6654,40000,14:47:58  6 Oct 2020
2020,House,_classic,8/14/20,.9195,.0805,238.5196,196.4804,238,197,258,215,220,177,1.34e+08,1.44e+08,1.24e+08,6.21336,11.18528,1.21254,.122725,.4526,.424675,22.1415,25.18535,2.67315,40000,14:49:12  6 Oct 2020
2020,House,_classic,8/13/20,.917675,.082325,238.3168,196.6832,238,197,258,216,219,177,1.34e+08,1.44e+08,1.24e+08,6.121082,11.1034,1.023851,.119975,.450025,.43,22.12577,25.19785,2.676375,40000,14:49:18  6 Oct 2020
2020,House,_classic,8/12/20,.91875,.08125,238.4886,196.5113,238,197,258,216,219,177,1.34e+08,1.44e+08,1.24e+08,6.191875,11.25241,1.167212,.12635,.450925,.422725,22.15035,25.18007,2.669575,40000,15:04:51  6 Oct 2020
2020,House,_classic,8/11/20,.92095,.07905,238.7206,196.2794,239,196,258,215,220,177,1.32e+08,1.42e+08,1.22e+08,6.290348,11.25957,1.19879,.12405,.44145,.4345,22.18405,25.14448,2.671475,40000,15:15:10  6 Oct 2020
2020,House,_classic,8/10/20,.925275,.074725,239.0094,195.9906,239,196,258,215,220,177,1.32e+08,1.42e+08,1.22e+08,6.350945,11.35318,1.26465,.127775,.440875,.43135,22.2122,25.12177,2.666025,40000,15:04:42  6 Oct 2020
2020,House,_classic,8/9/20,.925925,.074075,239.1879,195.8121,239,196,259,215,220,176,1.32e+08,1.42e+08,1.22e+08,6.388542,11.41699,1.349695,.13035,.43635,.4333,22.25485,25.0926,2.65255,40000,15:06:11  6 Oct 2020
2020,House,_classic,8/8/20,.9241,.0759,239.0454,195.9546,239,196,259,215,220,176,1.32e+08,1.42e+08,1.22e+08,6.324848,11.39317,1.230631,.128925,.439575,.4315,22.21155,25.10538,2.683075,40000,15:06:33  6 Oct 2020
2020,House,_classic,8/7/20,.92395,.07605,239.1406,195.8594,239,196,259,215,220,176,1.32e+08,1.42e+08,1.22e+08,6.364578,11.44285,1.325729,.129425,.436425,.43415,22.23255,25.09208,2.675375,40000,15:21:30  6 Oct 2020
2020,House,_classic,8/6/20,.922825,.077175,239.0829,195.917,239,196,259,215,220,176,1.32e+08,1.42e+08,1.22e+08,6.384548,11.43033,1.329758,.131125,.436425,.43245,22.22243,25.09788,2.6797,40000,15:33:08  6 Oct 2020
2020,House,_classic,8/5/20,.925175,.074825,239.1707,195.8293,239,196,258,215,220,177,1.32e+08,1.42e+08,1.22e+08,6.366741,11.37518,1.276352,.13325,.433025,.433725,22.22988,25.0712,2.698925,40000,15:21:29  6 Oct 2020
2020,House,_classic,8/4/20,.9258,.0742,239.2132,195.7868,239,196,259,215,220,176,1.32e+08,1.42e+08,1.22e+08,6.398479,11.47052,1.34598,.1327,.43375,.43355,22.24785,25.06207,2.690075,40000,15:22:56  6 Oct 2020
2020,House,_classic,8/3/20,.922575,.077425,239.0735,195.9265,239,196,259,215,220,176,1.32e+08,1.42e+08,1.22e+08,6.365486,11.48135,1.238722,.13395,.434175,.431875,22.23675,25.07455,2.6887,40000,15:23:37  6 Oct 2020
2020,House,_classic,8/2/20,.91675,.08325,238.5669,196.4331,238,197,258,216,219,177,1.32e+08,1.42e+08,1.22e+08,6.231796,11.28489,1.12335,.126775,.450625,.4226,22.13963,25.16535,2.695025,40000,15:38:06  6 Oct 2020
2020,House,_classic,8/1/20,.917675,.082325,238.701,196.299,239,196,258,216,219,177,1.32e+08,1.42e+08,1.22e+08,6.254051,11.35855,1.163923,.127625,.44595,.426425,22.16662,25.1397,2.693675,40000,15:51:09  6 Oct 2020
