cycle,branch,expression,forecastdate,chamber_Dparty,chamber_Rparty,mean_seats_Dparty,mean_seats_Rparty,median_seats_Dparty,median_seats_Rparty,p90_seats_Dparty,p90_seats_Rparty,p10_seats_Dparty,p10_seats_Rparty,total_national_turnout,p90_total_national_turnout,p10_total_national_turnout,popvote_margin,p90_popvote_margin,p10_popvote_margin,simulations,timestamp
2020,Senate,_lite,11/2/20,.77145,.22855,52.32095,47.67905,52,48,57,52,48,43,8.51e+07,9.31e+07,7.73e+07,2.589588,7.613445,-2.458704,40000,20:52:33  2 Nov 2020
2020,Senate,_lite,11/1/20,.777275,.222725,52.39273,47.60725,52,48,57,52,48,43,8.51e+07,9.32e+07,7.72e+07,3.498249,8.699644,-1.66062,40000,23:31:42  1 Nov 2020
2020,Senate,_lite,10/31/20,.78955,.21045,52.48492,47.51508,52,48,57,52,48,43,8.51e+07,9.29e+07,7.72e+07,3.669853,8.827711,-1.468992,40000,22:02:28 31 Oct 2020
2020,Senate,_lite,10/30/20,.7957,.2043,52.58023,47.41977,52,48,57,52,48,43,8.51e+07,9.30e+07,7.73e+07,3.715702,8.958044,-1.413469,40000,21:39:34 30 Oct 2020
2020,Senate,_lite,10/29/20,.78635,.21365,52.49572,47.50428,52,48,57,52,48,43,8.48e+07,9.28e+07,7.71e+07,3.640614,8.807882,-1.573568,40000,22:22:29 29 Oct 2020
2020,Senate,_lite,10/28/20,.772175,.227825,52.31292,47.68705,52,48,57,52,48,43,8.48e+07,9.27e+07,7.70e+07,3.610474,8.904394,-1.709686,40000,21:42:27 28 Oct 2020
2020,Senate,_lite,10/27/20,.7692,.2308,52.2258,47.77417,52,48,57,52,48,43,8.48e+07,9.27e+07,7.71e+07,3.011272,8.195995,-2.265419,40000,21:09:24 27 Oct 2020
2020,Senate,_lite,10/26/20,.7728,.2272,52.33733,47.66265,52,48,57,52,48,43,8.48e+07,9.28e+07,7.69e+07,3.011086,8.336769,-2.250858,40000,21:26:28 26 Oct 2020
2020,Senate,_lite,10/25/20,.77005,.22995,52.32537,47.67463,52,48,57,52,48,43,8.48e+07,9.28e+07,7.70e+07,3.400242,8.6763,-1.934391,40000,20:09:58 25 Oct 2020
2020,Senate,_lite,10/24/20,.7673,.2327,52.3305,47.6695,52,48,57,52,48,43,8.48e+07,9.28e+07,7.71e+07,3.357121,8.76133,-1.980679,40000,21:04:43 24 Oct 2020
2020,Senate,_lite,10/23/20,.76545,.23455,52.28513,47.71487,52,48,57,52,48,43,8.48e+07,9.26e+07,7.70e+07,3.381824,8.653784,-1.987383,40000,22:24:40 23 Oct 2020
2020,Senate,_lite,10/22/20,.786575,.213425,52.52647,47.47353,52,48,57,52,48,43,8.48e+07,9.26e+07,7.69e+07,3.503643,8.830219,-1.829182,40000,20:09:52 22 Oct 2020
2020,Senate,_lite,10/21/20,.78405,.21595,52.54165,47.45835,52,48,57,52,48,43,8.18e+07,8.93e+07,7.42e+07,3.344177,8.715046,-2.040668,40000,21:19:27 21 Oct 2020
2020,Senate,_lite,10/20/20,.797875,.202125,52.65557,47.3444,53,47,57,52,48,43,8.03e+07,8.79e+07,7.28e+07,3.364216,8.792204,-2.057009,40000,22:22:23 20 Oct 2020
2020,Senate,_lite,10/19/20,.7985,.2015,52.6099,47.39008,53,47,57,52,48,43,8.03e+07,8.79e+07,7.27e+07,3.303135,8.611851,-2.089529,40000,22:02:22 19 Oct 2020
2020,Senate,_lite,10/18/20,.80145,.19855,52.66775,47.33225,53,47,57,52,48,43,8.03e+07,8.79e+07,7.29e+07,3.363831,8.774616,-2.039595,40000,21:30:18 18 Oct 2020
2020,Senate,_lite,10/17/20,.792675,.207325,52.5685,47.4315,52,48,57,52,48,43,8.03e+07,8.80e+07,7.28e+07,3.296093,8.743217,-2.134527,40000,21:09:57 17 Oct 2020
2020,Senate,_lite,10/16/20,.7965,.2035,52.60072,47.39928,53,47,57,52,48,43,8.03e+07,8.79e+07,7.27e+07,3.269188,8.706608,-2.157112,40000,21:17:51 16 Oct 2020
2020,Senate,_lite,10/15/20,.789325,.210675,52.5129,47.4871,52,48,57,52,48,43,8.03e+07,8.79e+07,7.28e+07,2.887638,8.326485,-2.519552,40000,23:28:20 15 Oct 2020
2020,Senate,_lite,10/14/20,.792375,.207625,52.59367,47.40633,53,47,57,52,48,43,8.03e+07,8.79e+07,7.27e+07,2.998985,8.480652,-2.396925,40000,20:31:15 14 Oct 2020
2020,Senate,_lite,10/13/20,.767275,.232725,52.1872,47.8128,52,48,57,52,48,43,7.91e+07,8.67e+07,7.16e+07,2.707127,8.160006,-2.747107,40000,22:22:14 13 Oct 2020
2020,Senate,_lite,10/12/20,.75995,.24005,52.1887,47.81128,52,48,57,52,48,43,7.91e+07,8.67e+07,7.15e+07,2.703583,8.183681,-2.727695,40000,20:22:45 12 Oct 2020
2020,Senate,_lite,10/11/20,.758575,.241425,52.12492,47.87508,52,48,57,52,48,43,7.91e+07,8.67e+07,7.15e+07,2.407894,7.925907,-3.012077,40000,20:34:22 11 Oct 2020
2020,Senate,_lite,10/10/20,.75455,.24545,52.11977,47.88023,52,48,57,52,48,43,7.91e+07,8.67e+07,7.16e+07,2.452499,7.921135,-3.048798,40000,20:09:29 10 Oct 2020
2020,Senate,_lite,10/9/20,.7472,.2528,52.05675,47.94325,52,48,57,52,48,43,7.91e+07,8.67e+07,7.16e+07,2.401588,7.934111,-3.170048,40000,20:09:27  9 Oct 2020
2020,Senate,_lite,10/8/20,.74585,.25415,52.04678,47.95322,52,48,57,52,48,43,7.91e+07,8.67e+07,7.15e+07,2.450428,7.957428,-3.052532,40000,21:31:18  8 Oct 2020
2020,Senate,_lite,10/7/20,.735675,.264325,51.95355,48.04645,52,48,56,52,48,44,7.91e+07,8.67e+07,7.16e+07,2.420784,7.896631,-3.163063,40000,21:39:25  7 Oct 2020
2020,Senate,_lite,10/6/20,.74475,.25525,52.04192,47.95808,52,48,57,52,48,43,7.91e+07,8.67e+07,7.16e+07,2.363029,7.794651,-3.18499,40000,21:58:37  6 Oct 2020
2020,Senate,_lite,10/5/20,.712175,.287825,51.73032,48.26965,52,48,56,53,47,44,7.91e+07,8.67e+07,7.15e+07,1.784702,7.326515,-3.779671,40000,07:34:16  5 Oct 2020
2020,Senate,_lite,10/4/20,.719575,.280425,51.84613,48.15387,52,48,56,53,47,44,7.91e+07,8.68e+07,7.16e+07,1.908459,7.481075,-3.547279,40000,07:51:17  4 Oct 2020
2020,Senate,_lite,10/3/20,.725125,.274875,51.8986,48.1014,52,48,56,52,48,44,7.91e+07,8.68e+07,7.15e+07,2.026539,7.496841,-3.48707,40000,08:16:56  3 Oct 2020
2020,Senate,_lite,10/2/20,.723525,.276475,51.84898,48.15102,52,48,56,53,47,44,7.91e+07,8.67e+07,7.16e+07,1.915344,7.444065,-3.670609,40000,08:10:05  2 Oct 2020
2020,Senate,_lite,10/1/20,.706675,.293325,51.75143,48.24857,52,48,56,53,47,44,7.91e+07,8.67e+07,7.15e+07,1.82243,7.377378,-3.699381,40000,08:12:03  1 Oct 2020
2020,Senate,_lite,9/30/20,.717925,.282075,51.84735,48.15265,52,48,56,53,47,44,7.91e+07,8.67e+07,7.16e+07,2.000957,7.597357,-3.539799,40000,07:38:16 30 Sep 2020
2020,Senate,_lite,9/29/20,.700575,.299425,51.64993,48.35005,52,48,56,53,47,44,7.91e+07,8.66e+07,7.15e+07,1.889095,7.475302,-3.650007,40000,08:25:59 29 Sep 2020
2020,Senate,_lite,9/28/20,.7028,.2972,51.64952,48.35048,52,48,56,53,47,44,7.91e+07,8.68e+07,7.15e+07,2.051605,7.581083,-3.499662,40000,07:27:08 28 Sep 2020
2020,Senate,_lite,9/27/20,.69955,.30045,51.63358,48.36642,52,48,56,53,47,44,7.91e+07,8.67e+07,7.16e+07,2.027794,7.600182,-3.51725,40000,11:30:12 27 Sep 2020
2020,Senate,_lite,9/26/20,.695825,.304175,51.60675,48.39325,52,48,56,53,47,44,7.91e+07,8.67e+07,7.15e+07,2.012218,7.569611,-3.563025,40000,07:13:05 26 Sep 2020
2020,Senate,_lite,9/25/20,.69985,.30015,51.65837,48.34163,52,48,56,53,47,44,7.91e+07,8.67e+07,7.16e+07,1.986134,7.631144,-3.61507,40000,05:59:01 25 Sep 2020
2020,Senate,_lite,9/24/20,.703425,.296575,51.63718,48.36282,52,48,56,53,47,44,7.91e+07,8.66e+07,7.15e+07,2.085705,7.749256,-3.560534,40000,05:14:07 24 Sep 2020
2020,Senate,_lite,9/23/20,.700575,.299425,51.61787,48.38213,52,48,56,53,47,44,7.91e+07,8.66e+07,7.17e+07,2.062183,7.771755,-3.614962,40000,06:08:52 23 Sep 2020
2020,Senate,_lite,9/22/20,.706075,.293925,51.67783,48.32217,52,48,56,53,47,44,7.91e+07,8.67e+07,7.15e+07,2.193226,7.921457,-3.571159,40000,05:59:49 22 Sep 2020
2020,Senate,_lite,9/21/20,.695025,.304975,51.51257,48.48743,51,49,56,53,47,44,7.91e+07,8.67e+07,7.15e+07,2.071716,7.75037,-3.727804,40000,08:16:49 21 Sep 2020
2020,Senate,_lite,9/20/20,.67635,.32365,51.31332,48.68668,51,49,56,53,47,44,7.91e+07,8.67e+07,7.16e+07,1.694321,7.387625,-4.078955,40000,05:12:53 20 Sep 2020
2020,Senate,_lite,9/19/20,.677275,.322725,51.29035,48.70965,51,49,55,53,47,45,7.91e+07,8.67e+07,7.15e+07,1.731258,7.354023,-4.045824,40000,06:18:59 19 Sep 2020
2020,Senate,_lite,9/18/20,.682475,.317525,51.37585,48.62415,51,49,56,53,47,44,7.91e+07,8.66e+07,7.16e+07,1.817917,7.543161,-3.941504,40000,05:19:18 18 Sep 2020
2020,Senate,_lite,9/17/20,.686925,.313075,51.40128,48.59872,51,49,56,53,47,44,7.91e+07,8.67e+07,7.16e+07,1.844391,7.638908,-3.924242,40000,07:27:52 17 Sep 2020
2020,Senate,_lite,9/16/20,.669775,.330225,51.28757,48.71243,51,49,56,53,47,44,7.91e+07,8.68e+07,7.16e+07,1.895237,7.716846,-3.832506,40000,10:30:02 16 Sep 2020
2020,Senate,_lite,9/15/20,.6753,.3247,51.34755,48.65245,51,49,56,53,47,44,7.91e+07,8.68e+07,7.17e+07,2.054226,7.840599,-3.758247,40000,13:33:07 15 Sep 2020
2020,Senate,_lite,9/14/20,.673275,.326725,51.34647,48.6535,51,49,56,53,47,44,7.91e+07,8.68e+07,7.16e+07,2.083996,7.877544,-3.785337,40000,15:25:49 15 Sep 2020
2020,Senate,_lite,9/13/20,.67125,.32875,51.3329,48.6671,51,49,56,53,47,44,7.91e+07,8.67e+07,7.16e+07,2.093887,7.893435,-3.815165,40000,15:26:16 15 Sep 2020
2020,Senate,_lite,9/12/20,.6759,.3241,51.3654,48.6346,51,49,56,53,47,44,7.91e+07,8.66e+07,7.16e+07,2.132294,7.99271,-3.757982,40000,15:26:08 15 Sep 2020
2020,Senate,_lite,9/11/20,.658525,.341475,51.22972,48.77028,51,49,56,53,47,44,7.91e+07,8.67e+07,7.16e+07,2.034397,7.8633,-3.892139,40000,15:26:18 15 Sep 2020
2020,Senate,_lite,9/10/20,.657825,.342175,51.25362,48.74638,51,49,56,53,47,44,7.91e+07,8.67e+07,7.16e+07,2.090523,7.979931,-3.836212,40000,15:25:59 15 Sep 2020
2020,Senate,_lite,9/9/20,.682125,.317875,51.50198,48.49802,51,49,56,53,47,44,7.91e+07,8.67e+07,7.15e+07,2.46645,8.321188,-3.357805,40000,15:44:02 15 Sep 2020
2020,Senate,_lite,9/8/20,.671325,.328675,51.44435,48.55565,51,49,56,53,47,44,7.91e+07,8.67e+07,7.15e+07,2.421329,8.336956,-3.44965,40000,15:44:12 15 Sep 2020
2020,Senate,_lite,9/7/20,.67145,.32855,51.4299,48.5701,51,49,56,53,47,44,7.91e+07,8.68e+07,7.16e+07,2.331551,8.264624,-3.574673,40000,15:44:31 15 Sep 2020
2020,Senate,_lite,9/6/20,.67215,.32785,51.45068,48.54932,51,49,56,53,47,44,7.91e+07,8.67e+07,7.16e+07,2.205936,8.095556,-3.715761,40000,15:43:56 15 Sep 2020
2020,Senate,_lite,9/5/20,.676,.324,51.4927,48.50727,51,49,56,53,47,44,7.91e+07,8.68e+07,7.15e+07,2.245369,8.19603,-3.682276,40000,15:44:00 15 Sep 2020
2020,Senate,_lite,9/4/20,.67285,.32715,51.4719,48.5281,51,49,56,53,47,44,7.91e+07,8.67e+07,7.16e+07,2.269539,8.154371,-3.645107,40000,16:01:19 15 Sep 2020
2020,Senate,_lite,9/3/20,.668025,.331975,51.42812,48.57188,51,49,56,53,47,44,7.91e+07,8.67e+07,7.16e+07,2.22876,8.094023,-3.777468,40000,16:01:11 15 Sep 2020
2020,Senate,_lite,9/2/20,.659,.341,51.3893,48.6107,51,49,56,53,47,44,7.91e+07,8.65e+07,7.16e+07,2.125805,8.088913,-3.853355,40000,16:01:50 15 Sep 2020
2020,Senate,_lite,9/1/20,.67825,.32175,51.52113,48.47887,51,49,56,53,47,44,7.91e+07,8.66e+07,7.15e+07,2.630527,8.53208,-3.38316,40000,16:00:54 15 Sep 2020
2020,Senate,_lite,8/31/20,.663475,.336525,51.4294,48.5706,51,49,56,53,47,44,7.91e+07,8.68e+07,7.16e+07,2.215073,8.202818,-3.744831,40000,16:01:19 15 Sep 2020
2020,Senate,_lite,8/30/20,.686125,.313875,51.63515,48.36485,51,49,56,53,47,44,7.91e+07,8.67e+07,7.15e+07,2.567085,8.433348,-3.36031,40000,16:18:42 15 Sep 2020
2020,Senate,_lite,8/29/20,.688425,.311575,51.65958,48.34042,52,48,56,53,47,44,7.91e+07,8.67e+07,7.17e+07,2.659042,8.655548,-3.386574,40000,16:18:56 15 Sep 2020
2020,Senate,_lite,8/28/20,.6869,.3131,51.62347,48.37653,51,49,56,53,47,44,7.91e+07,8.67e+07,7.16e+07,2.566959,8.503733,-3.440933,40000,16:18:38 15 Sep 2020
2020,Senate,_lite,8/27/20,.675125,.324875,51.54175,48.45825,51,49,56,53,47,44,7.91e+07,8.67e+07,7.16e+07,2.514488,8.526955,-3.512012,40000,16:18:02 15 Sep 2020
2020,Senate,_lite,8/26/20,.67385,.32615,51.53708,48.4629,51,49,56,53,47,44,7.91e+07,8.67e+07,7.15e+07,2.518326,8.509453,-3.522644,40000,16:18:45 15 Sep 2020
2020,Senate,_lite,8/25/20,.6695,.3305,51.47773,48.52227,51,49,56,53,47,44,7.91e+07,8.67e+07,7.15e+07,2.426105,8.423151,-3.594522,40000,16:35:54 15 Sep 2020
2020,Senate,_lite,8/24/20,.6747,.3253,51.51165,48.48835,51,49,56,53,47,44,7.91e+07,8.68e+07,7.16e+07,2.389927,8.359346,-3.600224,40000,16:36:13 15 Sep 2020
2020,Senate,_lite,8/23/20,.6661,.3339,51.41915,48.58085,51,49,56,53,47,44,7.91e+07,8.68e+07,7.16e+07,2.342949,8.309399,-3.700117,40000,16:35:49 15 Sep 2020
2020,Senate,_lite,8/22/20,.67255,.32745,51.46732,48.53268,51,49,56,53,47,44,7.91e+07,8.67e+07,7.16e+07,2.487663,8.492029,-3.566679,40000,16:35:04 15 Sep 2020
2020,Senate,_lite,8/21/20,.6742,.3258,51.51505,48.48495,51,49,56,53,47,44,7.91e+07,8.67e+07,7.16e+07,2.770847,8.816652,-3.312,40000,16:35:58 15 Sep 2020
2020,Senate,_lite,8/20/20,.6767,.3233,51.53855,48.4614,51,49,56,53,47,44,7.91e+07,8.67e+07,7.16e+07,2.842781,8.908564,-3.26613,40000,16:53:13 15 Sep 2020
2020,Senate,_lite,8/19/20,.676975,.323025,51.5298,48.4702,51,49,56,53,47,44,7.91e+07,8.68e+07,7.15e+07,2.830357,8.89802,-3.265438,40000,16:53:16 15 Sep 2020
2020,Senate,_lite,8/18/20,.686975,.313025,51.61013,48.38987,51,49,56,53,47,44,7.91e+07,8.68e+07,7.17e+07,2.877583,9.025362,-3.19548,40000,16:52:39 15 Sep 2020
2020,Senate,_lite,8/17/20,.6806,.3194,51.57998,48.42002,51,49,56,53,47,44,7.91e+07,8.66e+07,7.16e+07,2.951401,9.031599,-3.202196,40000,16:51:32 15 Sep 2020
2020,Senate,_lite,8/16/20,.680475,.319525,51.56052,48.43948,51,49,56,53,47,44,7.91e+07,8.67e+07,7.15e+07,2.925213,8.976254,-3.254387,40000,16:53:12 15 Sep 2020
2020,Senate,_lite,8/15/20,.683325,.316675,51.58825,48.41175,51,49,56,53,47,44,7.91e+07,8.67e+07,7.15e+07,2.931568,8.998896,-3.19348,40000,17:10:19 15 Sep 2020
2020,Senate,_lite,8/14/20,.680775,.319225,51.55893,48.44105,51,49,56,53,47,44,7.91e+07,8.67e+07,7.16e+07,2.862179,9.011276,-3.291031,40000,17:10:21 15 Sep 2020
2020,Senate,_lite,8/13/20,.68035,.31965,51.56462,48.43538,51,49,56,53,47,44,7.91e+07,8.66e+07,7.15e+07,2.853058,9.021154,-3.300283,40000,17:09:41 15 Sep 2020
2020,Senate,_lite,8/12/20,.678575,.321425,51.55245,48.44753,51,49,56,53,47,44,7.91e+07,8.67e+07,7.15e+07,2.886662,9.027918,-3.232578,40000,17:08:35 15 Sep 2020
2020,Senate,_lite,8/11/20,.686225,.313775,51.6246,48.37537,51,49,56,53,47,44,7.82e+07,8.59e+07,7.07e+07,3.005959,9.121029,-3.109327,40000,17:10:06 15 Sep 2020
2020,Senate,_lite,8/10/20,.686575,.313425,51.64478,48.35522,52,48,56,53,47,44,7.82e+07,8.59e+07,7.07e+07,3.100529,9.221832,-3.08642,40000,17:27:08 15 Sep 2020
2020,Senate,_lite,8/9/20,.699325,.300675,51.7601,48.2399,52,48,56,52,48,44,7.82e+07,8.59e+07,7.07e+07,3.347748,9.52306,-2.774664,40000,17:27:45 15 Sep 2020
2020,Senate,_lite,8/8/20,.6987,.3013,51.69337,48.30663,52,48,56,52,48,44,7.82e+07,8.58e+07,7.07e+07,3.381512,9.515575,-2.762623,40000,17:26:51 15 Sep 2020
2020,Senate,_lite,8/7/20,.6983,.3017,51.667,48.333,52,48,56,52,48,44,7.82e+07,8.58e+07,7.08e+07,3.345337,9.520222,-2.862015,40000,17:25:45 15 Sep 2020
2020,Senate,_lite,8/6/20,.69415,.30585,51.6622,48.3378,52,48,56,52,48,44,7.82e+07,8.59e+07,7.07e+07,3.352833,9.485964,-2.94544,40000,17:27:19 15 Sep 2020
2020,Senate,_lite,8/5/20,.6913,.3087,51.58535,48.41465,51,49,56,53,47,44,7.82e+07,8.58e+07,7.08e+07,3.387123,9.522394,-2.812239,40000,17:44:10 15 Sep 2020
2020,Senate,_lite,8/4/20,.6908,.3092,51.58678,48.41322,51,49,56,52,48,44,7.82e+07,8.60e+07,7.08e+07,3.408089,9.562071,-2.773251,40000,17:45:04 15 Sep 2020
2020,Senate,_lite,8/3/20,.6914,.3086,51.6057,48.3943,51,49,56,52,48,44,7.82e+07,8.58e+07,7.07e+07,3.386108,9.50741,-2.845848,40000,17:44:35 15 Sep 2020
2020,Senate,_lite,8/2/20,.692675,.307325,51.5754,48.4246,51,49,56,52,48,44,7.82e+07,8.59e+07,7.07e+07,3.29007,9.489149,-2.95295,40000,17:43:27 15 Sep 2020
2020,Senate,_lite,8/1/20,.7006,.2994,51.70203,48.29797,52,48,56,52,48,44,7.82e+07,8.58e+07,7.07e+07,3.225567,9.424616,-3.131598,40000,17:44:31 15 Sep 2020
2020,Senate,_deluxe,11/2/20,.740825,.259175,51.45523,48.54475,51,49,55,52,48,45,8.51e+07,9.31e+07,7.73e+07,2.407642,6.848963,-2.081085,40000,20:52:33  2 Nov 2020
2020,Senate,_deluxe,11/1/20,.756425,.243575,51.63972,48.36028,52,48,55,52,48,45,8.51e+07,9.32e+07,7.72e+07,2.820885,7.428556,-1.768801,40000,23:31:42  1 Nov 2020
2020,Senate,_deluxe,10/31/20,.77095,.22905,51.78938,48.2106,52,48,55,52,48,45,8.51e+07,9.29e+07,7.72e+07,3.03059,7.620346,-1.546732,40000,22:02:28 31 Oct 2020
2020,Senate,_deluxe,10/30/20,.77905,.22095,51.86195,48.13805,52,48,56,52,48,44,8.51e+07,9.30e+07,7.73e+07,3.059597,7.730963,-1.518141,40000,21:39:34 30 Oct 2020
2020,Senate,_deluxe,10/29/20,.77335,.22665,51.8394,48.1606,52,48,56,52,48,44,8.48e+07,9.28e+07,7.71e+07,3.086769,7.740757,-1.578903,40000,22:22:29 29 Oct 2020
2020,Senate,_deluxe,10/28/20,.749325,.250675,51.61697,48.38303,52,48,55,52,48,45,8.48e+07,9.27e+07,7.70e+07,3.020042,7.704479,-1.706163,40000,21:42:27 28 Oct 2020
2020,Senate,_deluxe,10/27/20,.7325,.2675,51.41872,48.58128,51,49,55,52,48,45,8.48e+07,9.27e+07,7.71e+07,2.360405,7.087666,-2.367197,40000,21:09:24 27 Oct 2020
2020,Senate,_deluxe,10/26/20,.734225,.265775,51.48415,48.51585,51,49,55,52,48,45,8.48e+07,9.28e+07,7.69e+07,2.381805,7.212992,-2.394812,40000,21:26:28 26 Oct 2020
2020,Senate,_deluxe,10/25/20,.73205,.26795,51.45858,48.54142,51,49,55,52,48,45,8.48e+07,9.28e+07,7.70e+07,2.42976,7.196775,-2.401211,40000,20:09:58 25 Oct 2020
2020,Senate,_deluxe,10/24/20,.729975,.270025,51.47163,48.52837,51,49,55,52,48,45,8.48e+07,9.28e+07,7.71e+07,2.408817,7.29491,-2.461969,40000,21:04:43 24 Oct 2020
2020,Senate,_deluxe,10/23/20,.72555,.27445,51.425,48.575,51,49,55,52,48,45,8.48e+07,9.26e+07,7.70e+07,2.401703,7.229074,-2.491617,40000,22:24:40 23 Oct 2020
2020,Senate,_deluxe,10/22/20,.73935,.26065,51.53735,48.46265,51,49,55,52,48,45,8.48e+07,9.26e+07,7.69e+07,2.471935,7.34886,-2.424747,40000,20:09:52 22 Oct 2020
2020,Senate,_deluxe,10/21/20,.73935,.26065,51.52448,48.47552,51,49,55,52,48,45,8.18e+07,8.93e+07,7.42e+07,2.383453,7.32621,-2.585718,40000,21:19:27 21 Oct 2020
2020,Senate,_deluxe,10/20/20,.747175,.252825,51.6076,48.3924,52,48,55,52,48,45,8.03e+07,8.79e+07,7.28e+07,2.399288,7.396643,-2.568121,40000,22:22:23 20 Oct 2020
2020,Senate,_deluxe,10/19/20,.73655,.26345,51.48722,48.51278,51,49,55,52,48,45,8.03e+07,8.79e+07,7.27e+07,2.294098,7.20418,-2.653603,40000,22:02:22 19 Oct 2020
2020,Senate,_deluxe,10/18/20,.73875,.26125,51.5285,48.4715,51,49,55,52,48,45,8.03e+07,8.79e+07,7.29e+07,2.293129,7.261904,-2.703379,40000,21:30:18 18 Oct 2020
2020,Senate,_deluxe,10/17/20,.7317,.2683,51.4682,48.5318,51,49,55,52,48,45,8.03e+07,8.80e+07,7.28e+07,2.251041,7.327833,-2.761711,40000,21:09:57 17 Oct 2020
2020,Senate,_deluxe,10/16/20,.7287,.2713,51.42585,48.57412,51,49,55,52,48,45,8.03e+07,8.79e+07,7.27e+07,2.19622,7.246147,-2.839518,40000,21:17:51 16 Oct 2020
2020,Senate,_deluxe,10/15/20,.725075,.274925,51.40628,48.59372,51,49,55,52,48,45,8.03e+07,8.79e+07,7.28e+07,2.12516,7.192436,-2.897537,40000,23:28:20 15 Oct 2020
2020,Senate,_deluxe,10/14/20,.73305,.26695,51.4493,48.5507,51,49,55,52,48,45,8.03e+07,8.79e+07,7.27e+07,2.167408,7.236971,-2.873085,40000,20:31:15 14 Oct 2020
2020,Senate,_deluxe,10/13/20,.695075,.304925,51.1252,48.8748,51,49,55,52,48,45,7.91e+07,8.67e+07,7.16e+07,1.995167,7.072433,-3.076979,40000,22:22:14 13 Oct 2020
2020,Senate,_deluxe,10/12/20,.6826,.3174,51.06163,48.93837,51,49,55,52,48,45,7.91e+07,8.67e+07,7.15e+07,1.85038,6.941132,-3.231207,40000,20:22:45 12 Oct 2020
2020,Senate,_deluxe,10/11/20,.685625,.314375,51.05978,48.94022,51,49,55,52,48,45,7.91e+07,8.67e+07,7.15e+07,1.749432,6.876989,-3.336681,40000,20:34:22 11 Oct 2020
2020,Senate,_deluxe,10/10/20,.67905,.32095,51.05025,48.94975,51,49,55,52,48,45,7.91e+07,8.67e+07,7.16e+07,1.766201,6.881775,-3.397621,40000,20:09:29 10 Oct 2020
2020,Senate,_deluxe,10/9/20,.6764,.3236,51.0126,48.9874,51,49,55,52,48,45,7.91e+07,8.67e+07,7.16e+07,1.731087,6.91927,-3.498375,40000,20:09:27  9 Oct 2020
2020,Senate,_deluxe,10/8/20,.6763,.3237,51.0201,48.9799,51,49,55,52,48,45,7.91e+07,8.67e+07,7.15e+07,1.75774,6.955078,-3.429323,40000,21:31:18  8 Oct 2020
2020,Senate,_deluxe,10/7/20,.664325,.335675,50.93258,49.06742,51,49,55,53,47,45,7.91e+07,8.67e+07,7.16e+07,1.713951,6.86956,-3.557999,40000,21:39:25  7 Oct 2020
2020,Senate,_deluxe,10/6/20,.66475,.33525,50.92627,49.07373,51,49,55,53,47,45,7.91e+07,8.67e+07,7.16e+07,1.655476,6.773813,-3.567541,40000,21:58:37  6 Oct 2020
2020,Senate,_deluxe,10/5/20,.625575,.374425,50.63805,49.36195,51,49,54,53,47,46,7.91e+07,8.67e+07,7.15e+07,1.130646,6.361393,-4.114361,40000,07:34:16  5 Oct 2020
2020,Senate,_deluxe,10/4/20,.63065,.36935,50.71967,49.28033,51,49,54,53,47,46,7.91e+07,8.68e+07,7.16e+07,1.243404,6.525623,-3.938667,40000,07:51:17  4 Oct 2020
2020,Senate,_deluxe,10/3/20,.637525,.362475,50.77182,49.22818,51,49,54,53,47,46,7.91e+07,8.68e+07,7.15e+07,1.377514,6.585503,-3.845869,40000,08:16:56  3 Oct 2020
2020,Senate,_deluxe,10/2/20,.639425,.360575,50.7448,49.2552,51,49,54,53,47,46,7.91e+07,8.67e+07,7.16e+07,1.270233,6.499859,-3.985682,40000,08:10:05  2 Oct 2020
2020,Senate,_deluxe,10/1/20,.614825,.385175,50.64275,49.35725,51,49,54,53,47,46,7.91e+07,8.67e+07,7.15e+07,1.231991,6.518459,-4.041603,40000,08:12:03  1 Oct 2020
2020,Senate,_deluxe,9/30/20,.624675,.375325,50.69295,49.30703,51,49,54,53,47,46,7.91e+07,8.67e+07,7.16e+07,1.36124,6.662937,-3.888491,40000,07:38:16 30 Sep 2020
2020,Senate,_deluxe,9/29/20,.6163,.3837,50.62525,49.37475,51,49,54,53,47,46,7.91e+07,8.66e+07,7.15e+07,1.415516,6.757477,-3.862995,40000,08:25:59 29 Sep 2020
2020,Senate,_deluxe,9/28/20,.62315,.37685,50.65535,49.34465,51,49,54,53,47,46,7.91e+07,8.68e+07,7.15e+07,1.520977,6.7782,-3.757566,40000,07:27:08 28 Sep 2020
2020,Senate,_deluxe,9/27/20,.619875,.380125,50.65455,49.34545,51,49,54,53,47,46,7.91e+07,8.67e+07,7.16e+07,1.50909,6.776787,-3.786734,40000,11:30:12 27 Sep 2020
2020,Senate,_deluxe,9/26/20,.61785,.38215,50.6493,49.3507,51,49,54,53,47,46,7.91e+07,8.67e+07,7.15e+07,1.515228,6.832819,-3.784176,40000,07:13:05 26 Sep 2020
2020,Senate,_deluxe,9/25/20,.6208,.3792,50.69368,49.30632,51,49,54,53,47,46,7.91e+07,8.67e+07,7.16e+07,1.499897,6.875942,-3.893049,40000,05:59:01 25 Sep 2020
2020,Senate,_deluxe,9/24/20,.622775,.377225,50.67493,49.32507,51,49,54,53,47,46,7.91e+07,8.66e+07,7.15e+07,1.479031,6.864573,-3.919197,40000,05:14:07 24 Sep 2020
2020,Senate,_deluxe,9/23/20,.603675,.396325,50.61517,49.38483,50,50,54,53,47,46,7.91e+07,8.66e+07,7.17e+07,1.433903,6.882406,-3.950741,40000,06:08:52 23 Sep 2020
2020,Senate,_deluxe,9/22/20,.60805,.39195,50.64827,49.35173,51,49,54,53,47,46,7.91e+07,8.67e+07,7.15e+07,1.467045,6.886349,-4.018377,40000,05:59:49 22 Sep 2020
2020,Senate,_deluxe,9/21/20,.596425,.403575,50.54013,49.45987,50,50,54,53,47,46,7.91e+07,8.67e+07,7.15e+07,1.378181,6.762928,-4.122158,40000,08:16:49 21 Sep 2020
2020,Senate,_deluxe,9/20/20,.57965,.42035,50.42785,49.57215,50,50,54,53,47,46,7.91e+07,8.67e+07,7.16e+07,1.163502,6.595449,-4.306973,40000,05:12:53 20 Sep 2020
2020,Senate,_deluxe,9/19/20,.574375,.425625,50.38535,49.61465,50,50,54,53,47,46,7.91e+07,8.67e+07,7.15e+07,1.163456,6.487858,-4.307049,40000,06:18:59 19 Sep 2020
2020,Senate,_deluxe,9/18/20,.57935,.42065,50.4402,49.5598,50,50,54,53,47,46,7.91e+07,8.66e+07,7.16e+07,1.27729,6.735712,-4.201653,40000,05:19:18 18 Sep 2020
2020,Senate,_deluxe,9/17/20,.58,.42,50.46288,49.53712,50,50,54,53,47,46,7.91e+07,8.67e+07,7.16e+07,1.337189,6.837536,-4.125919,40000,07:27:52 17 Sep 2020
2020,Senate,_deluxe,9/16/20,.572625,.427375,50.38757,49.61243,50,50,54,53,47,46,7.91e+07,8.68e+07,7.16e+07,1.362164,6.859119,-4.090906,40000,10:30:02 16 Sep 2020
2020,Senate,_deluxe,9/15/20,.5789,.4211,50.43945,49.56055,50,50,54,53,47,46,7.91e+07,8.68e+07,7.17e+07,1.534534,7.046968,-3.961588,40000,13:33:07 15 Sep 2020
2020,Senate,_deluxe,9/14/20,.579,.421,50.44862,49.55135,50,50,54,53,47,46,7.91e+07,8.68e+07,7.16e+07,1.566124,7.088425,-4.016979,40000,15:25:49 15 Sep 2020
2020,Senate,_deluxe,9/13/20,.576025,.423975,50.4222,49.5778,50,50,54,53,47,46,7.91e+07,8.67e+07,7.16e+07,1.593948,7.088772,-4.009102,40000,15:26:16 15 Sep 2020
2020,Senate,_deluxe,9/12/20,.57815,.42185,50.4635,49.5365,50,50,54,53,47,46,7.91e+07,8.66e+07,7.16e+07,1.627129,7.18746,-3.950262,40000,15:26:08 15 Sep 2020
2020,Senate,_deluxe,9/11/20,.566475,.433525,50.38562,49.61438,50,50,54,53,47,46,7.91e+07,8.67e+07,7.16e+07,1.555355,7.087814,-4.057898,40000,15:26:18 15 Sep 2020
2020,Senate,_deluxe,9/10/20,.569675,.430325,50.4148,49.5852,50,50,54,53,47,46,7.91e+07,8.67e+07,7.16e+07,1.62738,7.183983,-3.977089,40000,15:25:59 15 Sep 2020
2020,Senate,_deluxe,9/9/20,.607375,.392625,50.67985,49.32015,51,49,54,53,47,46,7.91e+07,8.67e+07,7.15e+07,1.959156,7.538258,-3.586729,40000,15:44:02 15 Sep 2020
2020,Senate,_deluxe,9/8/20,.6024,.3976,50.66438,49.33562,51,49,54,53,47,46,7.91e+07,8.67e+07,7.15e+07,1.941944,7.542934,-3.619221,40000,15:44:12 15 Sep 2020
2020,Senate,_deluxe,9/7/20,.602175,.397825,50.67178,49.32822,51,49,54,53,47,46,7.91e+07,8.68e+07,7.16e+07,1.975136,7.592756,-3.627741,40000,15:44:31 15 Sep 2020
2020,Senate,_deluxe,9/6/20,.601225,.398775,50.6708,49.3292,51,49,54,53,47,46,7.91e+07,8.67e+07,7.16e+07,1.955601,7.548157,-3.650988,40000,15:43:56 15 Sep 2020
2020,Senate,_deluxe,9/5/20,.60625,.39375,50.71297,49.28703,51,49,54,53,47,46,7.91e+07,8.68e+07,7.15e+07,2.004616,7.63339,-3.633204,40000,15:44:00 15 Sep 2020
2020,Senate,_deluxe,9/4/20,.602425,.39755,50.6915,49.30848,51,49,54,53,47,46,7.91e+07,8.67e+07,7.16e+07,2.02692,7.596979,-3.573818,40000,16:01:19 15 Sep 2020
2020,Senate,_deluxe,9/3/20,.59875,.40125,50.68013,49.31987,51,49,54,53,47,46,7.91e+07,8.67e+07,7.16e+07,2.022461,7.598093,-3.68355,40000,16:01:11 15 Sep 2020
2020,Senate,_deluxe,9/2/20,.602,.398,50.68723,49.31277,51,49,54,53,47,46,7.91e+07,8.65e+07,7.16e+07,2.009487,7.670397,-3.640902,40000,16:01:50 15 Sep 2020
2020,Senate,_deluxe,9/1/20,.60455,.39545,50.72332,49.27668,51,49,54,53,47,46,7.91e+07,8.66e+07,7.15e+07,2.121819,7.717239,-3.579273,40000,16:00:54 15 Sep 2020
2020,Senate,_deluxe,8/31/20,.59785,.40215,50.69055,49.30945,51,49,54,53,47,46,7.91e+07,8.68e+07,7.16e+07,2.026016,7.714005,-3.625425,40000,16:01:19 15 Sep 2020
2020,Senate,_deluxe,8/30/20,.623325,.376675,50.86163,49.13837,51,49,55,53,47,45,7.91e+07,8.67e+07,7.15e+07,2.374165,7.937784,-3.280746,40000,16:18:42 15 Sep 2020
2020,Senate,_deluxe,8/29/20,.62835,.37165,50.8848,49.1152,51,49,55,53,47,45,7.91e+07,8.67e+07,7.17e+07,2.43618,8.129072,-3.306482,40000,16:18:56 15 Sep 2020
2020,Senate,_deluxe,8/28/20,.61975,.38025,50.84075,49.15925,51,49,55,53,47,45,7.91e+07,8.67e+07,7.16e+07,2.373959,8.006062,-3.308146,40000,16:18:38 15 Sep 2020
2020,Senate,_deluxe,8/27/20,.615475,.384525,50.8151,49.1849,51,49,55,53,47,45,7.91e+07,8.67e+07,7.16e+07,2.328201,8.071695,-3.395067,40000,16:18:02 15 Sep 2020
2020,Senate,_deluxe,8/26/20,.616125,.383875,50.80767,49.1923,51,49,55,53,47,45,7.91e+07,8.67e+07,7.15e+07,2.334206,7.998959,-3.387796,40000,16:18:45 15 Sep 2020
2020,Senate,_deluxe,8/25/20,.612275,.387725,50.78003,49.21997,51,49,54.5,53,47,45.5,7.91e+07,8.67e+07,7.15e+07,2.273098,7.963966,-3.421038,40000,16:35:54 15 Sep 2020
2020,Senate,_deluxe,8/24/20,.61995,.38005,50.8214,49.1786,51,49,55,53,47,45,7.91e+07,8.68e+07,7.16e+07,2.259819,7.952581,-3.419355,40000,16:36:13 15 Sep 2020
2020,Senate,_deluxe,8/23/20,.608225,.391775,50.74405,49.25595,51,49,54,53,47,46,7.91e+07,8.68e+07,7.16e+07,2.204723,7.844793,-3.572065,40000,16:35:49 15 Sep 2020
2020,Senate,_deluxe,8/22/20,.613425,.386575,50.7649,49.2351,51,49,54.5,53,47,45.5,7.91e+07,8.67e+07,7.16e+07,2.236557,7.942118,-3.509378,40000,16:35:04 15 Sep 2020
2020,Senate,_deluxe,8/21/20,.61595,.38405,50.77977,49.22023,51,49,54,53,47,46,7.91e+07,8.67e+07,7.16e+07,2.300499,8.025209,-3.453119,40000,16:35:58 15 Sep 2020
2020,Senate,_deluxe,8/20/20,.615175,.384825,50.78925,49.21075,51,49,55,53,47,45,7.91e+07,8.67e+07,7.16e+07,2.358398,8.117973,-3.435448,40000,16:53:13 15 Sep 2020
2020,Senate,_deluxe,8/19/20,.6165,.3835,50.79433,49.20567,51,49,55,53,47,45,7.91e+07,8.68e+07,7.15e+07,2.344395,8.107809,-3.468662,40000,16:53:16 15 Sep 2020
2020,Senate,_deluxe,8/18/20,.625025,.374975,50.84457,49.15543,51,49,55,53,47,45,7.91e+07,8.68e+07,7.17e+07,2.355598,8.157019,-3.430838,40000,16:52:39 15 Sep 2020
2020,Senate,_deluxe,8/17/20,.620275,.379725,50.83665,49.16335,51,49,55,53,47,45,7.91e+07,8.66e+07,7.16e+07,2.401237,8.172903,-3.409449,40000,16:51:32 15 Sep 2020
2020,Senate,_deluxe,8/16/20,.619375,.380625,50.80345,49.19655,51,49,55,53,47,45,7.91e+07,8.67e+07,7.15e+07,2.348885,8.102806,-3.517538,40000,16:53:12 15 Sep 2020
2020,Senate,_deluxe,8/15/20,.621675,.378325,50.83215,49.16785,51,49,55,53,47,45,7.91e+07,8.67e+07,7.15e+07,2.365932,8.125683,-3.426662,40000,17:10:19 15 Sep 2020
2020,Senate,_deluxe,8/14/20,.618475,.381525,50.8158,49.1842,51,49,55,53,47,45,7.91e+07,8.67e+07,7.16e+07,2.328716,8.15254,-3.500912,40000,17:10:21 15 Sep 2020
2020,Senate,_deluxe,8/13/20,.623425,.376575,50.8638,49.1362,51,49,55,53,47,45,7.91e+07,8.66e+07,7.15e+07,2.375286,8.193369,-3.434814,40000,17:09:41 15 Sep 2020
2020,Senate,_deluxe,8/12/20,.625475,.374525,50.8573,49.1427,51,49,55,53,47,45,7.91e+07,8.67e+07,7.15e+07,2.386211,8.219704,-3.425402,40000,17:08:35 15 Sep 2020
2020,Senate,_deluxe,8/11/20,.63115,.36885,50.91245,49.08755,51,49,55,53,47,45,7.82e+07,8.59e+07,7.07e+07,2.512409,8.355715,-3.307793,40000,17:10:06 15 Sep 2020
2020,Senate,_deluxe,8/10/20,.6345,.3655,50.9563,49.0437,51,49,55,53,47,45,7.82e+07,8.59e+07,7.07e+07,2.598598,8.467239,-3.282997,40000,17:27:08 15 Sep 2020
2020,Senate,_deluxe,8/9/20,.637525,.362475,50.98207,49.01793,51,49,55,53,47,45,7.82e+07,8.59e+07,7.07e+07,2.634544,8.516914,-3.188482,40000,17:27:45 15 Sep 2020
2020,Senate,_deluxe,8/8/20,.633775,.366225,50.92823,49.07177,51,49,55,53,47,45,7.82e+07,8.58e+07,7.07e+07,2.599392,8.429995,-3.219648,40000,17:26:51 15 Sep 2020
2020,Senate,_deluxe,8/7/20,.6334,.3666,50.91518,49.08482,51,49,55,53,47,45,7.82e+07,8.58e+07,7.08e+07,2.606941,8.521078,-3.254423,40000,17:25:45 15 Sep 2020
2020,Senate,_deluxe,8/6/20,.636375,.363625,50.95725,49.04275,51,49,55,53,47,45,7.82e+07,8.59e+07,7.07e+07,2.70245,8.543621,-3.299587,40000,17:27:19 15 Sep 2020
2020,Senate,_deluxe,8/5/20,.63275,.36725,50.91042,49.08958,51,49,55,53,47,45,7.82e+07,8.58e+07,7.08e+07,2.71978,8.55588,-3.177225,40000,17:44:10 15 Sep 2020
2020,Senate,_deluxe,8/4/20,.6289,.371075,50.89195,49.10802,51,49,55,53,47,45,7.82e+07,8.60e+07,7.08e+07,2.744652,8.551409,-3.117207,40000,17:45:04 15 Sep 2020
2020,Senate,_deluxe,8/3/20,.627675,.372325,50.88173,49.11827,51,49,55,53,47,45,7.82e+07,8.58e+07,7.07e+07,2.71228,8.551277,-3.210114,40000,17:44:35 15 Sep 2020
2020,Senate,_deluxe,8/2/20,.61945,.38055,50.81562,49.18438,51,49,55,53,47,45,7.82e+07,8.59e+07,7.07e+07,2.592117,8.505878,-3.357876,40000,17:43:27 15 Sep 2020
2020,Senate,_deluxe,8/1/20,.620075,.379925,50.8099,49.1901,51,49,54,53,47,46,7.82e+07,8.58e+07,7.07e+07,2.551094,8.399731,-3.493368,40000,17:44:31 15 Sep 2020
2020,Senate,_classic,11/2/20,.776725,.223275,51.90655,48.09343,52,48,56,52,48,44,8.51e+07,9.31e+07,7.73e+07,3.052158,7.534103,-1.479359,40000,20:52:33  2 Nov 2020
2020,Senate,_classic,11/1/20,.784675,.215325,52.02502,47.97498,52,48,56,52,48,44,8.51e+07,9.32e+07,7.72e+07,3.488808,8.139114,-1.141758,40000,23:31:42  1 Nov 2020
2020,Senate,_classic,10/31/20,.799225,.200775,52.1928,47.8072,52,48,56,51,49,44,8.51e+07,9.29e+07,7.72e+07,3.678299,8.305593,-.9345627,40000,22:02:28 31 Oct 2020
2020,Senate,_classic,10/30/20,.804875,.195125,52.2786,47.7214,52,48,56,51,49,44,8.51e+07,9.30e+07,7.73e+07,3.706909,8.411818,-.9178772,40000,21:39:34 30 Oct 2020
2020,Senate,_classic,10/29/20,.797475,.202525,52.22585,47.77415,52,48,56,52,48,44,8.48e+07,9.28e+07,7.71e+07,3.685253,8.37438,-1.025465,40000,22:22:29 29 Oct 2020
2020,Senate,_classic,10/28/20,.790075,.209925,52.15297,47.84703,52,48,56,52,48,44,8.48e+07,9.27e+07,7.70e+07,3.791222,8.503971,-.9664345,40000,21:42:27 28 Oct 2020
2020,Senate,_classic,10/27/20,.77325,.22675,51.91208,48.08792,52,48,56,52,48,44,8.48e+07,9.27e+07,7.71e+07,3.047562,7.813395,-1.720547,40000,21:09:24 27 Oct 2020
2020,Senate,_classic,10/26/20,.7742,.2258,52.00925,47.99075,52,48,56,52,48,44,8.48e+07,9.28e+07,7.69e+07,3.071648,7.938585,-1.746891,40000,21:26:28 26 Oct 2020
2020,Senate,_classic,10/25/20,.77455,.22545,52.00695,47.99305,52,48,56,52,48,44,8.48e+07,9.28e+07,7.70e+07,3.169426,7.980806,-1.686481,40000,20:09:58 25 Oct 2020
2020,Senate,_classic,10/24/20,.77025,.22975,52.00813,47.99187,52,48,56,52,48,44,8.48e+07,9.28e+07,7.71e+07,3.137913,8.060961,-1.772993,40000,21:04:43 24 Oct 2020
2020,Senate,_classic,10/23/20,.767875,.232125,51.95655,48.04345,52,48,56,52,48,44,8.48e+07,9.26e+07,7.70e+07,3.13406,8.007793,-1.795267,40000,22:24:40 23 Oct 2020
2020,Senate,_classic,10/22/20,.778675,.221325,52.0818,47.9182,52,48,56,52,48,44,8.48e+07,9.26e+07,7.69e+07,3.185631,8.098738,-1.7568,40000,20:09:52 22 Oct 2020
2020,Senate,_classic,10/21/20,.7781,.2219,52.07267,47.92733,52,48,56,52,48,44,8.18e+07,8.93e+07,7.42e+07,3.103157,8.087502,-1.889734,40000,21:19:27 21 Oct 2020
2020,Senate,_classic,10/20/20,.7875,.2125,52.15953,47.84045,52,48,56,52,48,44,8.03e+07,8.79e+07,7.28e+07,3.070442,8.11409,-1.943113,40000,22:22:23 20 Oct 2020
2020,Senate,_classic,10/19/20,.785,.215,52.07473,47.92527,52,48,56,52,48,44,8.03e+07,8.79e+07,7.27e+07,2.98983,7.937,-1.992599,40000,22:02:22 19 Oct 2020
2020,Senate,_classic,10/18/20,.78865,.21135,52.15088,47.84908,52,48,56,52,48,44,8.03e+07,8.79e+07,7.29e+07,3.022923,8.035324,-2.019974,40000,21:30:18 18 Oct 2020
2020,Senate,_classic,10/17/20,.7794,.2206,52.06557,47.93443,52,48,56,52,48,44,8.03e+07,8.80e+07,7.28e+07,2.970196,8.088522,-2.08676,40000,21:09:57 17 Oct 2020
2020,Senate,_classic,10/16/20,.76825,.23175,51.90913,48.09085,52,48,56,52,48,44,8.03e+07,8.79e+07,7.27e+07,2.855484,7.942833,-2.217028,40000,21:17:51 16 Oct 2020
2020,Senate,_classic,10/15/20,.759475,.240525,51.80297,48.19703,52,48,56,52,48,44,8.03e+07,8.79e+07,7.28e+07,2.609356,7.718861,-2.456085,40000,23:28:20 15 Oct 2020
2020,Senate,_classic,10/14/20,.76415,.23585,51.84015,48.15985,52,48,56,52,48,44,8.03e+07,8.79e+07,7.27e+07,2.659489,7.774279,-2.427998,40000,20:31:15 14 Oct 2020
2020,Senate,_classic,10/13/20,.7275,.2725,51.47155,48.52842,51,49,55,52,48,45,7.91e+07,8.67e+07,7.16e+07,2.441273,7.56563,-2.666185,40000,22:22:14 13 Oct 2020
2020,Senate,_classic,10/12/20,.722125,.277875,51.48162,48.51838,51,49,55,52,48,45,7.91e+07,8.67e+07,7.15e+07,2.460701,7.598906,-2.667721,40000,20:22:45 12 Oct 2020
2020,Senate,_classic,10/11/20,.7234,.2766,51.4731,48.52687,51,49,55,52,48,45,7.91e+07,8.67e+07,7.15e+07,2.320896,7.505451,-2.814022,40000,20:34:22 11 Oct 2020
2020,Senate,_classic,10/10/20,.71895,.28105,51.46835,48.53165,51,49,55,52,48,45,7.91e+07,8.67e+07,7.16e+07,2.346592,7.502447,-2.855532,40000,20:09:29 10 Oct 2020
2020,Senate,_classic,10/9/20,.716575,.283425,51.42532,48.57468,51,49,55,52,48,45,7.91e+07,8.67e+07,7.16e+07,2.300919,7.531988,-2.968718,40000,20:09:27  9 Oct 2020
2020,Senate,_classic,10/8/20,.7156,.2844,51.44682,48.55318,51,49,55,52,48,45,7.91e+07,8.67e+07,7.15e+07,2.347324,7.586992,-2.885197,40000,21:31:18  8 Oct 2020
2020,Senate,_classic,10/7/20,.7055,.2945,51.36145,48.63855,51,49,55,52,48,45,7.91e+07,8.67e+07,7.16e+07,2.333405,7.535641,-2.976486,40000,21:39:25  7 Oct 2020
2020,Senate,_classic,10/6/20,.706225,.293775,51.39565,48.60435,51,49,55,52,48,45,7.91e+07,8.67e+07,7.16e+07,2.291679,7.458542,-2.975784,40000,21:58:37  6 Oct 2020
2020,Senate,_classic,10/5/20,.673825,.326175,51.10352,48.89648,51,49,55,53,47,45,7.91e+07,8.67e+07,7.15e+07,1.860023,7.135571,-3.430105,40000,07:34:16  5 Oct 2020
2020,Senate,_classic,10/4/20,.679025,.320975,51.19625,48.80375,51,49,55,53,47,45,7.91e+07,8.68e+07,7.16e+07,1.963196,7.296251,-3.271809,40000,07:51:17  4 Oct 2020
2020,Senate,_classic,10/3/20,.684775,.315225,51.24292,48.75708,51,49,55,52,48,45,7.91e+07,8.68e+07,7.15e+07,2.079945,7.322853,-3.185265,40000,08:16:56  3 Oct 2020
2020,Senate,_classic,10/2/20,.689925,.310075,51.24503,48.75497,51,49,55,52,48,45,7.91e+07,8.67e+07,7.16e+07,2.024628,7.302271,-3.277988,40000,08:10:05  2 Oct 2020
2020,Senate,_classic,10/1/20,.673775,.326225,51.18982,48.81015,51,49,55,53,47,45,7.91e+07,8.67e+07,7.15e+07,1.978634,7.317322,-3.336739,40000,08:12:03  1 Oct 2020
2020,Senate,_classic,9/30/20,.680275,.319725,51.23658,48.76342,51,49,55,52,48,45,7.91e+07,8.67e+07,7.16e+07,2.110394,7.460453,-3.179579,40000,07:38:16 30 Sep 2020
2020,Senate,_classic,9/29/20,.674925,.325075,51.15905,48.84095,51,49,55,53,47,45,7.91e+07,8.66e+07,7.15e+07,2.146687,7.518515,-3.173346,40000,08:25:59 29 Sep 2020
2020,Senate,_classic,9/28/20,.675725,.324275,51.17095,48.82905,51,49,55,53,47,45,7.91e+07,8.68e+07,7.15e+07,2.236118,7.537054,-3.093519,40000,07:27:08 28 Sep 2020
2020,Senate,_classic,9/27/20,.67645,.32355,51.17215,48.82785,51,49,55,53,47,45,7.91e+07,8.67e+07,7.16e+07,2.227993,7.546034,-3.110189,40000,11:30:12 27 Sep 2020
2020,Senate,_classic,9/26/20,.67175,.32825,51.16433,48.83567,51,49,55,53,47,45,7.91e+07,8.67e+07,7.15e+07,2.227829,7.595568,-3.102829,40000,07:13:05 26 Sep 2020
2020,Senate,_classic,9/25/20,.674925,.325075,51.1991,48.8009,51,49,55,53,47,45,7.91e+07,8.67e+07,7.16e+07,2.207932,7.632343,-3.218107,40000,05:59:01 25 Sep 2020
2020,Senate,_classic,9/24/20,.6752,.3248,51.17645,48.82355,51,49,55,53,47,45,7.91e+07,8.66e+07,7.15e+07,2.213512,7.643667,-3.23144,40000,05:14:07 24 Sep 2020
2020,Senate,_classic,9/23/20,.6676,.3324,51.14025,48.85975,51,49,55,53,47,45,7.91e+07,8.66e+07,7.17e+07,2.191113,7.681808,-3.231899,40000,06:08:52 23 Sep 2020
2020,Senate,_classic,9/22/20,.67145,.32855,51.1808,48.8192,51,49,55,53,47,45,7.91e+07,8.67e+07,7.15e+07,2.244747,7.705471,-3.280046,40000,05:59:49 22 Sep 2020
2020,Senate,_classic,9/21/20,.657875,.342125,51.04057,48.95943,51,49,55,53,47,45,7.91e+07,8.67e+07,7.15e+07,2.105812,7.530394,-3.43257,40000,08:16:49 21 Sep 2020
2020,Senate,_classic,9/20/20,.644475,.355525,50.9225,49.0775,51,49,55,53,47,45,7.91e+07,8.67e+07,7.16e+07,1.876656,7.360874,-3.631933,40000,05:12:53 20 Sep 2020
2020,Senate,_classic,9/19/20,.6368,.3632,50.84895,49.15105,51,49,55,53,47,45,7.91e+07,8.67e+07,7.15e+07,1.86784,7.232037,-3.643633,40000,06:18:59 19 Sep 2020
2020,Senate,_classic,9/18/20,.63865,.36135,50.89865,49.10135,51,49,55,53,47,45,7.91e+07,8.66e+07,7.16e+07,1.965538,7.457235,-3.553396,40000,05:19:18 18 Sep 2020
2020,Senate,_classic,9/17/20,.64045,.35955,50.91293,49.08707,51,49,55,53,47,45,7.91e+07,8.67e+07,7.16e+07,2.005104,7.544662,-3.495787,40000,07:27:52 17 Sep 2020
2020,Senate,_classic,9/16/20,.6292,.3708,50.81475,49.18525,51,49,55,53,47,45,7.91e+07,8.68e+07,7.16e+07,2.045372,7.587858,-3.449486,40000,10:30:02 16 Sep 2020
2020,Senate,_classic,9/15/20,.6359,.3641,50.88778,49.1122,51,49,55,53,47,45,7.91e+07,8.68e+07,7.17e+07,2.261742,7.813337,-3.279194,40000,13:33:07 15 Sep 2020
2020,Senate,_classic,9/14/20,.63475,.36525,50.8891,49.11087,51,49,55,53,47,45,7.91e+07,8.68e+07,7.16e+07,2.295887,7.851231,-3.321987,40000,15:25:49 15 Sep 2020
2020,Senate,_classic,9/13/20,.6313,.3687,50.8619,49.1381,51,49,55,53,47,45,7.91e+07,8.67e+07,7.16e+07,2.314285,7.84601,-3.333521,40000,15:26:16 15 Sep 2020
2020,Senate,_classic,9/12/20,.6354,.3646,50.9086,49.0914,51,49,55,53,47,45,7.91e+07,8.66e+07,7.16e+07,2.352962,7.954117,-3.269558,40000,15:26:08 15 Sep 2020
2020,Senate,_classic,9/11/20,.6236,.3764,50.83195,49.16805,51,49,55,53,47,45,7.91e+07,8.67e+07,7.16e+07,2.290981,7.871773,-3.355373,40000,15:26:18 15 Sep 2020
2020,Senate,_classic,9/10/20,.62515,.37485,50.8421,49.1579,51,49,55,53,47,45,7.91e+07,8.67e+07,7.16e+07,2.352432,7.949118,-3.29353,40000,15:25:59 15 Sep 2020
2020,Senate,_classic,9/9/20,.6659,.3341,51.1517,48.8483,51,49,55,52,48,45,7.91e+07,8.67e+07,7.15e+07,2.626118,8.245184,-2.97229,40000,15:44:02 15 Sep 2020
2020,Senate,_classic,9/8/20,.6588,.3412,51.13842,48.86155,51,49,55,52,48,45,7.91e+07,8.67e+07,7.15e+07,2.613514,8.246296,-2.990183,40000,15:44:12 15 Sep 2020
2020,Senate,_classic,9/7/20,.6616,.3384,51.1421,48.8579,51,49,55,52,48,45,7.91e+07,8.68e+07,7.16e+07,2.64743,8.312979,-3.007277,40000,15:44:31 15 Sep 2020
2020,Senate,_classic,9/6/20,.6617,.3383,51.16037,48.83963,51,49,55,52,48,45,7.91e+07,8.67e+07,7.16e+07,2.643299,8.270061,-3.006826,40000,15:43:56 15 Sep 2020
2020,Senate,_classic,9/5/20,.6673,.3327,51.19765,48.80235,51,49,55,52,48,45,7.91e+07,8.68e+07,7.15e+07,2.685974,8.354834,-3.000622,40000,15:44:00 15 Sep 2020
2020,Senate,_classic,9/4/20,.665375,.334625,51.1827,48.8173,51,49,55,52,48,45,7.91e+07,8.67e+07,7.16e+07,2.706181,8.31687,-2.949152,40000,16:01:19 15 Sep 2020
2020,Senate,_classic,9/3/20,.66055,.33945,51.16722,48.83278,51,49,55,52,48,45,7.91e+07,8.67e+07,7.16e+07,2.698822,8.315125,-3.055119,40000,16:01:11 15 Sep 2020
2020,Senate,_classic,9/2/20,.65995,.34005,51.1694,48.8306,51,49,55,52,48,45,7.91e+07,8.65e+07,7.16e+07,2.69035,8.380289,-3.005119,40000,16:01:50 15 Sep 2020
2020,Senate,_classic,9/1/20,.666875,.333125,51.22038,48.77962,51,49,55,52,48,45,7.91e+07,8.66e+07,7.15e+07,2.820358,8.455105,-2.919214,40000,16:00:54 15 Sep 2020
2020,Senate,_classic,8/31/20,.660825,.339175,51.18982,48.81012,51,49,55,52,48,45,7.91e+07,8.68e+07,7.16e+07,2.7313,8.46526,-2.978359,40000,16:01:19 15 Sep 2020
2020,Senate,_classic,8/30/20,.683875,.316125,51.36705,48.63295,51,49,55,52,48,45,7.91e+07,8.67e+07,7.15e+07,3.047306,8.666363,-2.654753,40000,16:18:42 15 Sep 2020
2020,Senate,_classic,8/29/20,.687375,.312625,51.39433,48.60567,51,49,55,52,48,45,7.91e+07,8.67e+07,7.17e+07,3.110367,8.852831,-2.675814,40000,16:18:56 15 Sep 2020
2020,Senate,_classic,8/28/20,.678575,.321425,51.33842,48.66158,51,49,55,52,48,45,7.91e+07,8.67e+07,7.16e+07,3.049503,8.728172,-2.667782,40000,16:18:38 15 Sep 2020
2020,Senate,_classic,8/27/20,.67325,.32675,51.3058,48.6942,51,49,55,52,48,45,7.91e+07,8.67e+07,7.16e+07,3.002167,8.773441,-2.753565,40000,16:18:02 15 Sep 2020
2020,Senate,_classic,8/26/20,.67385,.326125,51.30558,48.69437,51,49,55,52,48,45,7.91e+07,8.67e+07,7.15e+07,3.008331,8.723366,-2.751244,40000,16:18:45 15 Sep 2020
2020,Senate,_classic,8/25/20,.672775,.327225,51.27267,48.72733,51,49,55,52,48,45,7.91e+07,8.67e+07,7.15e+07,2.954773,8.678802,-2.778151,40000,16:35:54 15 Sep 2020
2020,Senate,_classic,8/24/20,.677475,.322525,51.31,48.69,51,49,55,52,48,45,7.91e+07,8.68e+07,7.16e+07,2.933697,8.672272,-2.786457,40000,16:36:13 15 Sep 2020
2020,Senate,_classic,8/23/20,.66735,.33265,51.2351,48.7649,51,49,55,52,48,45,7.91e+07,8.68e+07,7.16e+07,2.88224,8.571358,-2.931644,40000,16:35:49 15 Sep 2020
2020,Senate,_classic,8/22/20,.6711,.3289,51.26247,48.73753,51,49,55,52,48,45,7.91e+07,8.67e+07,7.16e+07,2.934364,8.684504,-2.859152,40000,16:35:04 15 Sep 2020
2020,Senate,_classic,8/21/20,.674975,.325025,51.2776,48.7224,51,49,55,52,48,45,7.91e+07,8.67e+07,7.16e+07,3.007843,8.760595,-2.793558,40000,16:35:58 15 Sep 2020
2020,Senate,_classic,8/20/20,.677375,.322625,51.28297,48.71703,51,49,55,52,48,45,7.91e+07,8.67e+07,7.16e+07,3.05619,8.856171,-2.775951,40000,16:53:13 15 Sep 2020
2020,Senate,_classic,8/19/20,.67525,.32475,51.2809,48.7191,51,49,55,52,48,45,7.91e+07,8.68e+07,7.15e+07,3.042828,8.847616,-2.813097,40000,16:53:16 15 Sep 2020
2020,Senate,_classic,8/18/20,.68225,.31775,51.34137,48.65863,51,49,55,52,48,45,7.91e+07,8.68e+07,7.17e+07,3.060413,8.909094,-2.768064,40000,16:52:39 15 Sep 2020
2020,Senate,_classic,8/17/20,.6814,.3186,51.33873,48.66125,51,49,55,52,48,45,7.91e+07,8.66e+07,7.16e+07,3.105438,8.914583,-2.748381,40000,16:51:32 15 Sep 2020
2020,Senate,_classic,8/16/20,.679125,.320875,51.3204,48.6796,51,49,55,52,48,45,7.91e+07,8.67e+07,7.15e+07,3.079025,8.876259,-2.840878,40000,16:53:12 15 Sep 2020
2020,Senate,_classic,8/15/20,.683025,.316975,51.35555,48.64445,51,49,55,52,48,45,7.91e+07,8.67e+07,7.15e+07,3.094021,8.900208,-2.741777,40000,17:10:19 15 Sep 2020
2020,Senate,_classic,8/14/20,.679075,.320925,51.33023,48.66977,51,49,55,52,48,45,7.91e+07,8.67e+07,7.16e+07,3.053444,8.921124,-2.814863,40000,17:10:21 15 Sep 2020
2020,Senate,_classic,8/13/20,.68155,.31845,51.3643,48.6357,51,49,55,52,48,45,7.91e+07,8.66e+07,7.15e+07,3.070213,8.928658,-2.780956,40000,17:09:41 15 Sep 2020
2020,Senate,_classic,8/12/20,.68205,.31795,51.35897,48.64103,51,49,55,52,48,45,7.91e+07,8.67e+07,7.15e+07,3.083923,8.957569,-2.769674,40000,17:08:35 15 Sep 2020
2020,Senate,_classic,8/11/20,.68955,.31045,51.41845,48.58155,51,49,55,52,48,45,7.82e+07,8.59e+07,7.07e+07,3.195675,9.085909,-2.653725,40000,17:10:06 15 Sep 2020
2020,Senate,_classic,8/10/20,.6913,.3087,51.46292,48.53708,51,49,55,52,48,45,7.82e+07,8.59e+07,7.07e+07,3.273777,9.186018,-2.640444,40000,17:27:08 15 Sep 2020
2020,Senate,_classic,8/9/20,.6989,.3011,51.50415,48.49585,51,49,55,52,48,45,7.82e+07,8.59e+07,7.07e+07,3.348797,9.278078,-2.509148,40000,17:27:45 15 Sep 2020
2020,Senate,_classic,8/8/20,.688725,.311275,51.40992,48.59005,51,49,55,52,48,45,7.82e+07,8.58e+07,7.07e+07,3.311939,9.192774,-2.559076,40000,17:26:51 15 Sep 2020
2020,Senate,_classic,8/7/20,.69225,.30775,51.4049,48.59507,51,49,55,52,48,45,7.82e+07,8.58e+07,7.08e+07,3.320267,9.278442,-2.582708,40000,17:25:45 15 Sep 2020
2020,Senate,_classic,8/6/20,.687175,.312825,51.40155,48.59845,51,49,55,52,48,45,7.82e+07,8.59e+07,7.07e+07,3.327435,9.211298,-2.723515,40000,17:27:19 15 Sep 2020
2020,Senate,_classic,8/5/20,.68285,.31715,51.33593,48.66407,51,49,55,52,48,45,7.82e+07,8.58e+07,7.08e+07,3.337585,9.217436,-2.593012,40000,17:44:10 15 Sep 2020
2020,Senate,_classic,8/4/20,.6837,.3163,51.34775,48.65225,51,49,55,52,48,45,7.82e+07,8.60e+07,7.08e+07,3.349609,9.184496,-2.557415,40000,17:45:04 15 Sep 2020
2020,Senate,_classic,8/3/20,.684825,.315175,51.34243,48.65757,51,49,55,52,48,45,7.82e+07,8.58e+07,7.07e+07,3.329201,9.208616,-2.639109,40000,17:44:35 15 Sep 2020
2020,Senate,_classic,8/2/20,.67455,.32545,51.25322,48.74678,51,49,55,52,48,45,7.82e+07,8.59e+07,7.07e+07,3.217331,9.163916,-2.78159,40000,17:43:27 15 Sep 2020
2020,Senate,_classic,8/1/20,.6759,.3241,51.2549,48.7451,51,49,55,52,48,45,7.82e+07,8.58e+07,7.07e+07,3.166573,9.060513,-2.925514,40000,17:44:31 15 Sep 2020
